nba_id,name,from_year,to_year,roster_status,team,player_code
76001,Alaa Abdelnaby,1990,1994,0,,HISTADD_alaa_abdelnaby
76002,Zaid Abdul-Aziz,1968,1977,0,,HISTADD_zaid_abdul-aziz
76003,Kareem Abdul-Jabbar,1969,1988,0,,HISTADD_kareem_abdul-jabbar
51,Mahmoud Abdul-Rauf,1990,2000,0,,mahmoud_abdul-rauf
1505,Tariq Abdul-Wahad,1997,2003,0,,tariq_abdul-wahad
949,Shareef Abdur-Rahim,1996,2007,0,,shareef_abdur-rahim
76005,Tom Abernethy,1976,1980,0,,HISTADD_tom_abernethy
76006,Forest Able,1956,1956,0,,HISTADD_frosty_able
76007,John Abramovic,1946,1947,0,,HISTADD_brooms_abramovic
203518,Alex Abrines,2016,2018,0,,alex_abrines
1630173,Precious Achiuwa,2020,2026,1,NYK,precious_achiuwa
101165,Alex Acker,2005,2008,0,,alex_acker
76008,Donald Ackerman,1953,1953,0,,HISTADD_buddy_ackerman
76009,Mark Acres,1987,1992,0,,HISTADD_mark_acres
76010,Charles Acton,1967,1967,0,,HISTADD_bud_acton
1643411,Darius Acuff Jr.,2026,2026,0,,tmp_darius_acuff_jr
203112,Quincy Acy,2012,2018,0,,quincy_acy
76011,Alvan Adams,1975,1987,0,,HISTADD_alvan_adams
76012,Don Adams,1970,1976,0,,HISTADD_don_adams
200801,Hassan Adams,2006,2008,0,,hassan_adams
1629121,Jaylen Adams,2018,2020,0,,jaylen_adams
203919,Jordan Adams,2014,2015,0,,jordan_adams
149,Michael Adams,1985,1995,0,,michael_adams
203500,Steven Adams,2013,2026,1,HOU,steven_adams
912,Rafael Addison,1986,1996,0,,rafael_addison
1628389,Bam Adebayo,2017,2026,1,MIA,bam_adebayo
1629061,Deng Adel,2018,2018,0,,deng_adel
76015,Rick Adelman,1968,1974,0,,HISTADD_rick_adelman
202399,Jeff Adrien,2010,2014,0,,jeff_adrien
201167,Arron Afflalo,2007,2017,0,,arron_afflalo
1630534,Ochai Agbaji,2022,2026,1,TOR,ochai_agbaji
200772,Maurice Ager,2006,2010,0,,maurice_ager
76016,Mark Aguirre,1981,1993,0,,HISTADD_mark_aguirre
201336,Blake Ahearn,2007,2011,0,,blake_ahearn
76017,Danny Ainge,1981,1994,0,,HISTADD_danny_ainge
201582,Alexis Ajinca,2008,2017,0,,alexis_ajinca
76018,Henry Akin,1966,1967,0,,HISTADD_henry_akin
203006,Josh Akognon,2012,2012,0,,josh_akognon
1629152,DeVaughn Akoon-Purcell,2018,2018,0,,devaughn_akoon-purcell
202374,Solomon Alabi,2010,2011,0,,solomon_alabi
76019,Mark Alarie,1986,1990,0,,HISTADD_mark_alarie
76020,Gary Alcorn,1959,1960,0,,HISTADD_gary_alcorn
1630583,Santi Aldama,2021,2026,1,MEM,santi_aldama
203128,Furkan Aldemir,2014,2014,0,,furkan_aldemir
202332,Cole Aldrich,2010,2017,0,,cole_aldrich
200746,LaMarcus Aldridge,2006,2021,0,,lamarcus_aldridge
76021,Chuck Aleksinas,1984,1984,0,,HISTADD_chuck_aleksinas
1626146,Cliff Alexander,2015,2015,0,,cliff_alexander
724,Cory Alexander,1995,2004,0,,cory_alexander
2042,Courtney Alexander,2000,2003,0,,courtney_alexander
76022,Gary Alexander,1993,1993,0,,HISTADD_gary_alexander
201570,Joe Alexander,2008,2009,0,,joe_alexander
1629734,Kyle Alexander,2019,2019,0,,kyle_alexander
1641725,Trey Alexander,2024,2026,0,,trey_alexander
1630234,Ty-Shon Alexander,2020,2020,0,,ty-shon_alexander
2349,Victor Alexander,1991,2001,0,,victor_alexander
1629638,Nickeil Alexander-Walker,2019,2026,1,MIN,nickeil_alexander-walker
76024,Steve Alford,1987,1990,0,,HISTADD_steve_alford
1628959,Rawle Alkins,2018,2018,0,,rawle_alkins
76028,Bob Allen,1968,1968,0,,HISTADD_bob_allen
1628960,Grayson Allen,2018,2026,1,PHX,grayson_allen
1628386,Jarrett Allen,2017,2026,1,CLE,jarrett_allen
706,Jerome Allen,1995,1996,0,,jerome_allen
1628443,Kadeem Allen,2017,2019,0,,kadeem_allen
202730,Lavoy Allen,2011,2016,0,,lavoy_allen
76027,Lucius Allen,1969,1978,0,,HISTADD_lucius_allen
2124,Malik Allen,2001,2010,0,,malik_allen
76025,Randy Allen,1988,1989,0,,HISTADD_randy_allen
951,Ray Allen,1996,2013,0,,ray_allen
1641851,Timmy Allen,2023,2023,0,,timmy_allen
2754,Tony Allen,2004,2017,0,,tony_allen
76029,Odis Allison,1971,1971,0,,HISTADD_odis_allison
200984,Lance Allred,2007,2007,0,,lance_allred
76030,Darrell Allums,1980,1980,0,,HISTADD_darrell_allums
201165,Morris Almond,2007,2011,0,,morris_almond
308,Derrick Alston,1994,1996,0,,derrick_alston
1747,Rafer Alston,1999,2009,0,,rafer_alston
1824,Peter Aluma,1998,1998,0,,peter_aluma
1630631,Jose Alvarado,2021,2026,1,NOP,jose_alvarado
680,John Amaechi,1995,2002,0,,john_amaechi
732,Ashraf Amaya,1995,1996,0,,ashraf_amaya
1643417,Nate Ament,2026,2026,0,,nathaniel_ament
202329,Al-Farouq Aminu,2010,2020,0,,al-farouq_aminu
200811,Lou Amundson,2006,2015,0,,lou_amundson
76034,Bob Anderegg,1959,1959,0,,HISTADD_bob_anderegg
2365,Chris Andersen,2001,2016,0,,chris_andersen
2431,David Andersen,2009,2010,0,,david_andersen
101187,Alan Anderson,2005,2016,0,,alan_anderson
202079,Antonio Anderson,2009,2009,0,,antonio_anderson
1643515,Christian Anderson,2026,2026,0,,tmp_christian_anderson
76035,Cliff Anderson,1967,1970,0,,HISTADD_cliff_anderson
76036,Daniel Anderson,1974,1975,0,,HISTADD_daniel_anderson
1507,Derek Anderson,1997,2007,0,,derek_anderson
76037,Dwight Anderson,1982,1982,0,,HISTADD_dwight_anderson
944,Eric Anderson,1992,1993,0,,eric_anderson
246,Greg Anderson,1987,1997,0,,greg_anderson
202341,James Anderson,2010,2015,0,,james_anderson
76040,Jerome Anderson,1975,1976,0,,HISTADD_jerome_anderson
1626147,Justin Anderson,2015,2021,0,,justin_anderson
72,Kenny Anderson,1991,2004,0,,kenny_anderson
76041,Kim Anderson,1978,1978,0,,HISTADD_kim_anderson
203937,Kyle Anderson,2014,2026,1,MIN,kyle_anderson
76042,Michael Anderson,1988,1988,0,,HISTADD_michael_anderson
76043,Mitchell Anderson,1982,1984,0,,HISTADD_jj_anderson
98,Nick Anderson,1989,2002,0,,nick_anderson
76045,Richard Anderson,1982,1989,0,,HISTADD_richard_anderson
76046,Ron Anderson,1984,1993,0,,HISTADD_ron_anderson
201583,Ryan Anderson,2008,2019,0,,ryan_anderson
1000,Shandon Anderson,1996,2005,0,,shandon_anderson
335,Willie Anderson,1988,1996,0,,willie_anderson
76048,Wally Anderzunas,1969,1969,0,,HISTADD_wally_anderzunas
101149,Martynas Andriuskevicius,2005,2006,0,,martynas_andriuskevicius
76049,Don Anielak,1954,1954,0,,HISTADD_don_anielak
1628387,Ike Anigbogu,2017,2018,0,,ike_anigbogu
76050,Michael Ansley,1989,1991,0,,HISTADD_michael_ansley
1512,Chris Anstey,1997,1999,0,,chris_anstey
1630828,Alex Antetokounmpo,2025,2026,0,,alex_antetokounmpo
203507,Giannis Antetokounmpo,2013,2026,1,MIL,giannis_antetokounmpo
1628961,Kostas Antetokounmpo,2018,2020,0,,kostas_antetokounmpo
203648,Thanasis Antetokounmpo,2015,2026,1,MIL,thanasis_antetokounmpo
2546,Carmelo Anthony,2003,2021,0,,carmelo_anthony
1630175,Cole Anthony,2020,2025,1,ORL,cole_anthony
21,Greg Anthony,1991,2001,0,,greg_anthony
201202,Joel Anthony,2007,2016,0,,joel_anthony
203544,Pero Antic,2013,2014,0,,pero_antic
1628384,OG Anunoby,2017,2026,1,NYK,og_anunoby
203951,Keith Appling,2015,2015,0,,keith_appling
2737,Rafael Araujo,2004,2006,0,,rafael_araujo
76053,Stacey Arceneaux,1961,1961,0,,HISTADD_stacey_arceneaux
76054,Nate Archibald,1970,1983,0,,HISTADD_nate_archibald
2425,Robert Archibald,2002,2003,0,,robert_archibald
1627853,Ryan Arcidiacono,2017,2023,0,,ryan_arcidiacono
76055,Jim Ard,1974,1977,0,,HISTADD_jim_ard
2240,Gilbert Arenas,2001,2011,0,,gilbert_arenas
2772,Trevor Ariza,2004,2021,0,,trevor_ariza
76056,Paul Arizin,1950,1961,0,,HISTADD_paul_arizin
76057,Joe Arlauckas,1987,1987,0,,HISTADD_joe_arlauckas
769,B.J. Armstrong,1989,1999,0,,b.j._armstrong
76061,Bob Armstrong,1956,1956,0,,HISTADD_bob_armstrong
2220,Brandon Armstrong,2001,2003,0,,brandon_armstrong
353,Darrell Armstrong,1994,2007,0,,darrell_armstrong
200756,Hilton Armstrong,2006,2013,0,,hilton_armstrong
76060,Paul Armstrong,1948,1950,0,,HISTADD_curly_armstrong
1642379,Taran Armstrong,2024,2024,0,,tmp_taran_armstrong
76059,Tate Armstrong,1977,1978,0,,HISTADD_tate_armstrong
76062,Jesse Arnelle,1955,1955,0,,HISTADD_jesse_arnelle
76063,Jay Arnette,1963,1965,0,,HISTADD_jay_arnette
76064,Bob Arnzen,1970,1970,0,,HISTADD_bob_arnzen
2306,Carlos Arroyo,2001,2010,0,,carlos_arroyo
201589,Darrell Arthur,2008,2017,0,,darrell_arthur
76065,John Arthurs,1969,1969,0,,HISTADD_john_arthurs
1628503,Jamel Artis,2017,2017,0,,jamel_artis
201600,Omer Asik,2010,2017,0,,omer_asik
355,Vincent Askew,1987,1997,0,,vincent_askew
173,Keith Askins,1990,1998,0,,keith_askins
76068,Don Asmonga,1953,1953,0,,HISTADD_don_asmonga
76069,Richard Atha,1955,1957,0,,HISTADD_dick_atha
1088,Chucky Atkins,1999,2009,0,,chucky_atkins
76070,Alvin Attles,1960,1970,0,,HISTADD_alvin_attles
76071,Chet Aubuchon,1946,1946,0,,HISTADD_chet_aubuchon
278,Stacey Augmon,1991,2005,0,,stacey_augmon
201571,D.J. Augustin,2008,2022,0,,d.j._augustin
200788,James Augustine,2006,2007,0,,james_augustine
1134,Ike Austin,1991,2001,0,,ike_austin
76073,John Austin,1966,1966,0,,HISTADD_johnny_austin
76074,Ken Austin,1983,1983,0,,HISTADD_ken_austin
1630166,Deni Avdija,2020,2026,1,WAS,deni_avdija
138,Anthony Avent,1992,1999,0,,anthony_avent
76076,William Averitt,1976,1977,0,,HISTADD_bird_averitt
1895,William Avery,1999,2002,0,,william_avery
76078,Dennis Awtrey,1970,1981,0,,HISTADD_dennis_awtrey
1630555,Joel Ayayi,2021,2021,0,,joel_ayayi
202970,Gustavo Ayon,2011,2013,0,,gustavo_ayon
201965,Jeff Ayres,2009,2015,0,,jeff_ayres
1629028,Deandre Ayton,2018,2026,1,POR,deandre_ayton
101235,Kelenna Azubuike,2006,2011,0,,kelenna_azubuike
1628962,Udoka Azubuike,2020,2023,1,PHX,udoka_azubuike
203569,Chris Babb,2013,2014,0,,chris_babb
202337,Luke Babbitt,2010,2017,0,,luke_babbitt
76079,Milos Babic,1990,1991,0,,HISTADD_milos_babic
76080,Johnny Bach,1948,1948,0,,HISTADD_johnny_bach
1628407,Dwayne Bacon,2017,2020,0,,dwayne_bacon
1630641,Ibou Badji,2022,2023,1,POR,ibou_badji
76081,Jim Baechtold,1952,1956,0,,HISTADD_jim_baechtold
2053,Dalibor Bagaric,2000,2002,0,,dalibor_bagaric
76082,John Bagley,1982,1993,0,,HISTADD_john_bagley
1630542,Marcus Bagley,2024,2024,0,,marcus_bagley
1628963,Marvin Bagley III,2018,2026,1,WAS,marvin_bagley_iii
1642846,Ace Bailey,2025,2026,0,,airious_bailey
1641735,Amari Bailey,2023,2023,1,CHA,amari_bailey
76084,Carl Bailey,1981,1981,0,,HISTADD_carl_bailey
76083,Gus Bailey,1974,1979,0,,HISTADD_gus_bailey
76085,James Bailey,1979,1987,0,,HISTADD_james_bailey
1847,Thurl Bailey,1983,1998,0,,thurl_bailey
1753,Toby Bailey,1998,2002,0,,toby_bailey
203946,Cameron Bairstow,2014,2015,0,,cameron_bairstow
1858,Mark Baker,1998,1998,0,,mark_baker
2486,Maurice Baker,2002,2004,0,,maurice_baker
76089,Norm Baker,1946,1946,0,,HISTADD_norm_baker
1627758,Ron Baker,2016,2018,0,,ron_baker
452,Vin Baker,1993,2005,0,,vin_baker
1642380,Adama Bal,2025,2025,0,,adama_bal
1627735,Wade Baldwin IV,2016,2018,0,,wade_baldwin iv
1631116,Patrick Baldwin Jr.,2022,2026,1,WAS,patrick_baldwin_jr
200764,Renaldo Balkman,2006,2011,0,,renaldo_balkman
76090,Cedric Ball,1990,1990,0,,HISTADD_cedric_ball
1630163,LaMelo Ball,2020,2026,1,CHA,lamelo_ball
1628366,Lonzo Ball,2017,2025,1,CHI,lonzo_ball
76091,Greg Ballard,1977,1988,0,,HISTADD_greg_ballard
76092,Herschel Baltimore,1946,1946,0,,HISTADD_herk_baltimore
1628964,Mo Bamba,2018,2025,1,PHI,mohamed_bamba
1631094,Paolo Banchero,2022,2026,1,ORL,paolo_banchero
1630217,Desmond Bane,2020,2026,1,MEM,desmond_bane
76093,Gene Banks,1981,1986,0,,HISTADD_gene_banks
2556,Marcus Banks,2003,2010,0,,marcus_banks
76094,Ken Bannister,1984,1990,0,,HISTADD_ken_bannister
76095,Mike Bantom,1973,1981,0,,HISTADD_mike_bantom
1630625,Dalano Banton,2021,2026,1,POR,dalano_banton
1627760,Cat Barber,2021,2021,0,,cat_barber
76096,John Barber,1956,1956,0,,HISTADD_john_barber
2571,Leandro Barbosa,2003,2016,0,,leandro_barbosa
76097,Stephen Bardo,1991,1995,0,,HISTADD_stephen_bardo
200826,J.J. Barea,2006,2019,0,,j.j._barea
200745,Andrea Bargnani,2006,2015,0,,andrea_bargnani
76098,Cliff Barker,1949,1951,0,,HISTADD_cliff_barker
76099,Tom Barker,1976,1978,0,,HISTADD_tom_barker
787,Charles Barkley,1984,1999,0,,charles_barkley
2057,Erick Barkley,2000,2002,0,,erick_barkley
76102,Don Barksdale,1951,1954,0,,HISTADD_don_barksdale
1631230,Dominick Barlow,2022,2026,1,SAS,dominick_barlow
203084,Harrison Barnes,2012,2026,1,SAC,harrison_barnes
76103,Harry Barnes,1968,1968,0,,HISTADD_harry_barnes
76105,Jim Barnes,1964,1970,0,,HISTADD_jim_barnes
76104,Marvin Barnes,1976,1979,0,,HISTADD_marvin_barnes
2440,Matt Barnes,2002,2016,0,,matt_barnes
1630567,Scottie Barnes,2021,2026,1,TOR,scottie_barnes
76107,Dick Barnett,1959,1973,0,,HISTADD_dick_barnett
76106,Jim Barnett,1966,1976,0,,HISTADD_jim_barnett
76108,John Barnhill,1962,1968,0,,HISTADD_rabbit_barnhill
76109,Norton Barnhill,1976,1976,0,,HISTADD_norton_barnhill
1642964,Brooks Barnhizer,2025,2026,0,,brooks_barnhizer
76110,Leo Barnhorst,1949,1953,0,,HISTADD_barney_barnhorst
76111,John Barr,1946,1946,0,,HISTADD_john_barr
76112,Mike Barr,1976,1976,0,,HISTADD_mike_barr
76113,Thomas Barr,1970,1970,0,,HISTADD_moe_barr
2857,Andre Barrett,2004,2007,0,,andre_barrett
76114,Ernie Barrett,1953,1955,0,,europelive
1629628,RJ Barrett,2019,2026,1,TOR,rj_barrett
2853,Earl Barron,2005,2014,0,,earl_barron
344,Dana Barros,1989,2003,0,,dana_barros
699,Brent Barry,1995,2008,0,,brent_barry
1003,Drew Barry,1997,1999,0,,drew_barry
468,Jon Barry,1992,2005,0,,jon_barry
600013,Rick Barry,1965,1979,0,,HISTADD_rick_barry
76117,Ed Bartels,1949,1950,0,,HISTADD_ed_bartels
76118,Vic Bartolome,1971,1971,0,,HISTADD_vic_bartolome
203115,Will Barton,2012,2022,0,,will_barton
101188,Eddie Basden,2005,2005,0,,eddie_basden
76119,Jerry Baskerville,1975,1975,0,,HISTADD_jerry_baskerville
101138,Brandon Bass,2005,2016,0,,brandon_bass
1628238,Paris Bass,2021,2021,0,,paris_bass
76120,Tim Bassett,1976,1979,0,,HISTADD_tim_bassett
1629646,Charles Bassey,2021,2026,1,SAS,charles_bassey
1766,Maceo Baston,2002,2008,0,,maceo_baston
2370,Mengke Bateer,2001,2003,0,,mengke_bateer
76121,Billyray Bates,1979,1982,0,,HISTADD_billy_ray_bates
1641734,Emoni Bates,2023,2024,1,CLE,emoni_bates
1628966,Keita Bates-Diop,2018,2023,1,BKN,keita_bates-diop
101212,Esteban Batista,2005,2006,0,,esteban_batista
2471,Mike Batiste,2002,2002,0,,mike_batiste
1499,Tony Battie,1997,2011,0,,tony_battie
2203,Shane Battier,2001,2013,0,,shane_battier
1642419,Jamison Battle,2024,2026,0,,jamison_battle
174,John Battle,1985,1994,0,,john_battle
76123,Kenny Battle,1989,1992,0,,HISTADD_kenny_battle
76124,Dave Batton,1982,1983,0,,HISTADD_dave_batton
201587,Nicolas Batum,2008,2026,1,PHI,nicolas_batum
1641878,Damion Baugh,2024,2024,0,,damion_baugh
76125,Johnny Baum,1969,1970,0,,HISTADD_johnny_baum
76126,Frankie Baumholtz,1946,1946,0,,HISTADD_frankie_baumholtz
2437,Lonny Baxter,2002,2005,0,,lonny_baxter
201573,Jerryd Bayless,2008,2018,0,,jerryd_bayless
76127,Elgin Baylor,1958,1971,0,,HISTADD_elgin_baylor
203382,Aron Baynes,2012,2020,0,,aron_baynes
76128,Sergei Bazarevich,1994,1994,0,,HISTADD_sergei_bazarevich
203145,Kent Bazemore,2012,2021,0,,kent_bazemore
1629647,Darius Bazley,2019,2023,1,UTA,darius_bazley
76129,Ed Beach,1950,1950,0,,HISTADD_ed_beach
203078,Bradley Beal,2012,2026,1,PHX,bradley_beal
76130,Butch Beard,1969,1978,0,,HISTADD_butch_beard
76131,Ralph Beard,1949,1950,0,,HISTADD_ralph_beard
2602,Jerome Beasley,2003,2003,0,,jerome_beasley
1627736,Malik Beasley,2016,2024,1,MIL,malik_beasley
201563,Michael Beasley,2008,2018,0,,michael_beasley
76133,Zelmo Beaty,1962,1974,0,,HISTADD_bigz_beaty
201958,Rodrigue Beaubois,2009,2012,0,,rodrigue_beaubois
1630699,MarJon Beauchamp,2022,2026,1,MIL,marjon_beauchamp
76134,Byron Beck,1976,1976,0,,HISTADD_byron_beck
1133,Corey Beck,1995,1998,0,,corey_beck
76136,Ernie Beck,1953,1960,0,,HISTADD_ernie_beck
76137,Moe Becker,1946,1946,0,,HISTADD_moe_becker
76138,William Bedford,1986,1992,0,,HISTADD_william_bedford
1641736,Reece Beekman,2024,2024,0,,reece_beekman
76139,Hank Beenders,1946,1948,0,,HISTADD_hank_beenders
76140,Ron Behagen,1973,1979,0,,HISTADD_ron_behagen
76141,Elmer Behnke,1951,1951,0,,HISTADD_elmer_behnke
201158,Marco Belinelli,2007,2019,0,,marco_belinelli
2294,Charlie Bell,2001,2010,0,,charlie_bell
76142,Dennis Bell,1973,1975,0,,HISTADD_dennis_bell
1628395,Jordan Bell,2017,2021,0,,jordan_bell
1952,Raja Bell,2000,2011,0,,raja_bell
2559,Troy Bell,2003,2003,0,,troy_bell
76143,William Bell,1959,1960,0,,HISTADD_whitey_bell
76144,Walt Bellamy,1961,1974,0,,HISTADD_walt_bellamy
1627761,DeAndre' Bembry,2016,2021,0,,deandre'_bembry
76145,Irv Bemoras,1953,1956,0,,HISTADD_irv_bemoras
76146,Leon Benbow,1974,1975,0,,HISTADD_leon_benbow
1627733,Dragan Bender,2016,2019,0,,dragan_bender
1886,Jonathan Bender,1999,2009,0,,jonathan_bender
203968,Jerrelle Benimon,2014,2014,0,,jerrelle_benimon
104,Benoit Benjamin,1985,1999,0,,benoit_benjamin
1736,Corey Benjamin,1998,2002,0,,corey_benjamin
203461,Anthony Bennett,2013,2016,0,,anthony_bennett
1120,Elmer Bennett,1994,1996,0,,elmer_bennett
712,Mario Bennett,1995,2002,0,,mario_bennett
76151,Mel Bennett,1976,1981,0,,HISTADD_mel_bennett
76148,Tony Bennett,1992,1994,0,,HISTADD_tony_bennett
76152,Winston Bennett,1989,1991,0,,HISTADD_winston_bennett
128,David Benoit,1991,2000,0,,david_benoit
202728,Keith Benson,2011,2011,0,,keith_benson
76154,Kent Benson,1977,1987,0,,HISTADD_kent_benson
1627791,Ben Bentil,2016,2016,0,,ben_bentil
76155,Gene Berce,1949,1949,0,,HISTADD_gene_berce
76156,Gary Bergen,1956,1956,0,,HISTADD_gary_bergen
1642866,Joan Beringer,2025,2026,0,,joan_beringer
1631262,Jules Bernard,2023,2023,1,WAS,jules_bernard
76157,Ricky Berry,1988,1988,0,,HISTADD_ricky_berry
76158,Walter Berry,1986,1988,0,,HISTADD_walter_berry
1629541,Dairis Bertans,2018,2018,0,,tmp_dairis_bertans
202722,Davis Bertans,2016,2023,1,CHA,davis_bertans
76159,Del Beshore,1978,1979,0,,HISTADD_del_beshore
696,Travis Best,1995,2004,0,,travis_best
201976,Patrick Beverley,2012,2023,1,MIL,patrick_beverley
1630180,Saddiq Bey,2020,2026,1,ATL,saddiq_bey
1630189,Tyler Bey,2020,2020,0,,tyler_bey
204021,Sim Bhullar,2014,2014,0,,sim_bhullar
76160,Al Bianchi,1956,1965,0,,HISTADD_al_bianchi
76161,Hank Biasatti,1946,1946,0,,HISTADD_hank_biasatti
76162,Henry Bibby,1972,1980,0,,HISTADD_henry_bibby
1710,Mike Bibby,1998,2011,0,,mike_bibby
76163,Ed Biedenbach,1968,1968,0,,HISTADD_ed_biedenbach
2740,Andris Biedrins,2004,2013,0,,andris_biedrins
76164,Don Bielke,1955,1955,0,,HISTADD_don_bielke
76165,Bob Bigelow,1975,1978,0,,HISTADD_bob_bigelow
1497,Chauncey Billups,1997,2013,0,,chauncey_billups
1643548,Tyler Bilodeau,2026,2026,0,,tyler_bilodeau
76166,Dave Bing,1966,1977,0,,HISTADD_dave_bing
76167,Joe Binion,1986,1986,0,,HISTADD_joe_binion
203920,Khem Birch,2017,2022,0,,khem_birch
1628444,Jabari Bird,2017,2017,0,,jabari_bird
76168,Jerry Bird,1958,1958,0,,HISTADD_jerry_bird
1449,Larry Bird,1979,1991,0,,larry_bird
76170,Otis Birdsong,1977,1988,0,,HISTADD_otis_birdsong
76171,Gale Bishop,1948,1948,0,,HISTADD_gale_bishop
1629048,Goga Bitadze,2019,2026,1,ORL,goga_bitadze
1641931,Onuralp Bitim,2023,2023,1,CHI,onuralp_bitim
202687,Bismack Biyombo,2011,2026,1,OKC,bismack_biyombo
202357,Nemanja Bjelica,2015,2021,0,,nemanja_bjelica
76172,Uwe Blab,1985,1989,0,,HISTADD_uwe_blab
1641710,Anthony Black,2023,2026,1,ORL,anthony_black
76173,Charlie Black,1948,1951,0,,HISTADD_hawk_black
1641778,Leaky Black,2023,2026,1,CHA,leaky_black
76174,Norman Black,1980,1980,0,,HISTADD_norman_black
204028,Tarik Black,2014,2017,0,,tarik_black
76175,Tom Black,1970,1970,0,,HISTADD_tom_black
76176,Rolando Blackman,1981,1993,0,,HISTADD_rolando_blackman
76180,Alex Blackwell,1992,1992,0,,HISTADD_alex_blackwell
76177,Cory Blackwell,1984,1984,0,,HISTADD_cory_blackwell
1806,James Blackwell,1994,1994,0,,james_blackwell
76179,Nate Blackwell,1987,1987,0,,HISTADD_nate_blackwell
201971,DeJuan Blair,2009,2015,0,,dejuan_blair
2581,Steve Blake,2003,2015,0,,steve_blake
202392,Marqus Blakely,2010,2010,0,,marqus_blakely
1628469,Antonio Blakeney,2017,2018,0,,antonio_blakeney
200807,Will Blalock,2006,2006,0,,will_blalock
76182,George Blaney,1961,1961,0,,HISTADD_george_blaney
76183,Lance Blanks,1990,1992,0,,HISTADD_lance_blanks
76184,Ricky Blanton,1992,1992,0,,HISTADD_ricky_blanton
101154,Andray Blatche,2005,2013,0,,andray_blatche
302,Mookie Blaylock,1989,2001,0,,mookie_blaylock
202339,Eric Bledsoe,2010,2021,0,,eric_bledsoe
1629833,Keljin Blevins,2020,2021,0,,keljin_blevins
76186,Leon Blevins,1950,1950,0,,HISTADD_leon_blevins
76187,John Block,1966,1975,0,,HISTADD_john_block
76188,Mike Bloom,1947,1948,0,,HISTADD_mike_bloom
1628417,Jaron Blossomgame,2018,2018,0,,jaron_blossomgame
916,Corie Blount,1993,2003,0,,corie_blount
1548,Mark Blount,2000,2008,0,,mark_blount
203505,Vander Blue,2013,2017,0,,vander_blue
1629129,Trevon Bluiett,2018,2018,0,,trevon_bluiett
76189,Ray Blume,1981,1981,0,,HISTADD_ray_blume
76190,Nelson Bobb,1949,1952,0,,HISTADD_nelson_bobb
2800,Tony Bobbitt,2004,2004,0,,tony_bobbitt
76191,Arlen Bockhorn,1958,1964,0,,HISTADD_bucky_bockhorn
1631205,Buddy Boeheim,2022,2025,1,DET,buddy_boheim
76192,Tom Boerwinkle,1968,1977,0,,HISTADD_tom_boerwinkle
2586,Keith Bogans,2003,2013,0,,keith_bogans
202711,Bojan Bogdanovic,2014,2023,1,NYK,bojan_bogdanovic
203992,Bogdan Bogdanović,2017,2026,1,ATL,bogdan_bogdanovic
177,Muggsy Bogues,1987,2000,0,,muggsy_bogues
101106,Andrew Bogut,2005,2018,0,,andrew_bogut
1564,Etdrick Bohannon,1997,2000,0,,etdrick_bohannon
1629626,Bol Bol,2019,2024,1,PHX,bol_bol
76195,Manute Bol,1985,1994,0,,HISTADD_manute_bol
1628413,Jonah Bolden,2018,2019,0,,jonah_bolden
1629716,Marques Bolden,2019,2023,1,CHA,marques_bolden
76196,Bill Bolger,1953,1953,0,,HISTADD_bill_bolger
1630195,Leandro Bolmaro,2021,2022,0,,leandro_bolmaro
1627762,Joel Bolomboy,2016,2017,0,,joel_bolomboy
76197,Doug Bolstorff,1957,1957,0,,HISTADD_doug_bolstorff
76203,George H. Bon Salle,1961,1961,0,,HISTADD_george_bonsalle
1641737,Adem Bona,2024,2026,0,,adem_bona
76198,Phil Bond,1977,1977,0,,HISTADD_phil_bond
1603,Walter Bond,1992,1994,0,,walter_bond
1629648,Jordan Bone,2019,2020,0,,jordan_bone
1121,Dexter Boney,1996,1996,0,,dexter_boney
1629067,Isaac Bonga,2018,2021,0,,isaac_bonga
76201,Ron Bonham,1964,1965,0,,HISTADD_ron_bonham
41,Anthony Bonner,1990,2002,0,,anthony_bonner
2588,Matt Bonner,2004,2015,0,,matt_bonner
1626164,Devin Booker,2015,2026,1,PHX,devin_booker
511,Melvin Booker,1995,1996,0,,melvin_booker
202344,Trevor Booker,2010,2017,0,,trevor_booker
200767,Josh Boone,2006,2009,0,,josh_boone
76204,Ron Boone,1976,1980,0,,HISTADD_ron_boone
1916,Calvin Booth,1999,2008,0,,calvin_booth
1522,Keith Booth,1997,1998,0,,keith_booth
76206,Bob Boozer,1960,1970,0,,HISTADD_bob_boozer
1643409,Cameron Boozer,2026,2026,0,,tmp_cameron_boozer
2430,Carlos Boozer,2002,2014,0,,carlos_boozer
2414,Curtis Borchardt,2002,2004,0,,curtis_borchardt
76207,Jake Bornheimer,1948,1949,0,,HISTADD_jake_bornheimer
1953,Lazaro Borrell,1999,1999,0,,lazaro_borrell
76209,Costic Borsavage,1950,1950,0,,HISTADD_ike_borsavage
76210,Vince Boryla,1949,1953,0,,HISTADD_moose_boryla
2547,Chris Bosh,2003,2016,0,,chris_bosh
76211,Jim Bostic,1977,1977,0,,HISTADD_jim_bostic
1630527,Brandon Boston,2021,2024,1,LAC,brandon_boston_jr
76212,Lawrence Boston,1979,1979,0,,HISTADD_larry_boston
76213,Tom Boswell,1975,1983,0,,HISTADD_tom_boswell
1628449,Chris Boucher,2017,2025,1,TOR,chris_boucher
1630547,James Bouknight,2021,2023,0,,james_bouknight
2257,Ruben Boumtje-Boumtje,2001,2003,0,,ruben_boumtje-boumtje
1631123,Jamaree Bouyea,2022,2026,1,SAS,jamaree_bouyea
76214,Don Boven,1949,1952,0,,HISTADD_don_boven
1898,Cal Bowdler,1999,2001,0,,cal_bowdler
1477,Bruce Bowen,1996,2008,0,,bruce_bowen
1763,Ryan Bowen,1999,2009,0,,ryan_bowen
1628968,Brian Bowen II,2019,2020,0,,brian_bowen_ii
194,Anthony Bowie,1988,1997,0,,anthony_bowie
76217,Sam Bowie,1984,1994,0,,HISTADD_sam_bowie
1085,Ira Bowman,1999,2001,0,,ira_bowman
1629065,Ky Bowman,2019,2019,0,,ky_bowman
76219,Nate Bowman,1966,1970,0,,HISTADD_nate_bowman
671,Donnie Boyce,1995,1996,0,,donnie_boyce
76221,Dennis Boyd,1978,1978,0,,HISTADD_dennis_boyd
76222,Fred Boyd,1972,1977,0,,HISTADD_freddie_boyd
76223,Ken Boyd,1974,1974,0,,HISTADD_kenny_boyd
1863,Earl Boykins,1998,2011,0,,earl_boykins
76224,Harry Boykoff,1949,1950,0,,HISTADD_bighesh_boykoff
76225,Winford Boynes,1978,1980,0,,HISTADD_winford_boynes
200841,Cedric Bozeman,2006,2006,0,,cedric_bozeman
76226,Steve Bracey,1972,1974,0,,HISTADD_steve_bracey
202342,Craig Brackins,2010,2011,0,,craig_brackins
76227,Gary Bradds,1964,1965,0,,HISTADD_tex_bradds
76228,Alex Bradley,1981,1981,0,,HISTADD_alex_bradley
76229,Alonzo Bradley,1977,1979,0,,HISTADD_alonzo_bradley
202340,Avery Bradley,2010,2021,0,,avery_bradley
76233,Bill Bradley,1967,1976,0,,HISTADD_bill_bradley
76230,Charles Bradley,1981,1983,0,,HISTADD_charles_bradley
76231,Dudley Bradley,1979,1988,0,,HISTADD_dudley_bradley
1643558,Jaden Bradley,2026,2026,0,,tmp_jaden_bradley
76232,Joe Bradley,1949,1949,0,,HISTADD_joe_bradley
2214,Michael Bradley,2001,2005,0,,michael_bradley
762,Shawn Bradley,1993,2004,0,,shawn_bradley
1628396,Tony Bradley,2017,2026,0,,tony_bradley
1361,Mark Bradtke,1996,1996,0,,mark_bradtke
66,Marques Bragg,1995,1995,0,,marques_bragg
1765,Torraye Braggs,2003,2004,0,,torraye_braggs
1920,A.J. Bramlett,1999,1999,0,,a.j._bramlett
76237,Adrian Branch,1986,1989,0,,HISTADD_adrian_branch
1882,Elton Brand,1999,2015,0,,elton_brand
210,Terrell Brandon,1991,2002,0,,terrell_brandon
1631103,Malaki Branham,2022,2025,1,SAS,malaki_branham
76238,Bob Brannum,1949,1954,0,,HISTADD_bob_brannum
76239,Brad Branson,1981,1982,0,,HISTADD_bradley_branson
76240,Jesse Branson,1965,1965,0,,HISTADD_jesse_branson
1629714,Jarrell Brantley,2019,2022,0,,jarrell_brantley
76241,Jim Brasco,1952,1952,0,,HISTADD_jim_brasco
76242,Mike Bratz,1977,1985,0,,HISTADD_mike_bratz
76243,Carl Braun,1947,1961,0,,HISTADD_carl_braun
1631128,Christian Braun,2022,2026,1,DEN,christian_braun
1629649,Ignas Brazdeikis,2019,2021,0,,ignas_brazdeikis
1642350,Trevon Brazile,2026,2026,0,,trevon_brazile
1642886,Koby Brea,2025,2026,0,,kobe_brea
160,Tim Breaux,1994,1997,0,,tim_breaux
2452,J.R. Bremer,2002,2003,0,,j.r._bremer
76245,Pete Brennan,1958,1958,0,,HISTADD_pete_brennan
76246,Tom Brennan,1954,1954,0,,HISTADD_tom_brennan
76247,Randy Breuer,1983,1993,0,,HISTADD_randy_breuer
201147,Corey Brewer,2007,2019,0,,corey_brewer
2249,Jamison Brewer,2001,2004,0,,jamison_brewer
76248,Jim Brewer,1973,1981,0,,HISTADD_jim_brewer
76249,Ron Brewer,1978,1985,0,,HISTADD_ron_brewer
200758,Ronnie Brewer,2006,2013,0,,ronnie_brewer
2056,Primoz Brezec,2001,2009,0,,primoz_brezec
76250,Frank Brian,1949,1955,0,,HISTADD_flash_brian
783,Frank Brickowski,1984,1996,0,,frank_brickowski
76252,Junior Bridgeman,1975,1986,0,,HISTADD_junior_bridgeman
76253,Bill Bridges,1962,1974,0,,HISTADD_bill_bridges
1641779,Jalen Bridges,2024,2024,0,,jalen_bridges
1628969,Mikal Bridges,2018,2026,1,BKN,mikal_bridges
1628970,Miles Bridges,2018,2026,1,CHA,miles_bridges
76254,Al Brightman,1946,1946,0,,HISTADD_al_brightman
1628578,Amida Brimah,2020,2020,0,,amida_brimah
76255,Audley Brindley,1946,1946,0,,HISTADD_aud_brindley
1628515,Isaiah Briscoe,2018,2018,0,,isaiah_briscoe
76256,John Brisker,1972,1974,0,,HISTADD_john_brisker
1629052,Oshae Brissett,2019,2024,1,BOS,oshae_brissett
76257,Allan Bristow,1973,1982,0,,HISTADD_allan_bristow
76258,Tyrone Britt,1967,1967,0,,HISTADD_tyrone_britt
76259,Wayman Britt,1977,1977,0,,HISTADD_wayman_britt
76260,Mike Brittain,1985,1986,0,,HISTADD_mike_brittain
76261,David Britton,1980,1980,0,,HISTADD_david_britton
1631167,Izaiah Brockington,2023,2023,0,,izaiah_brockington
201972,Jon Brockman,2009,2011,0,,jon_brockman
1629151,Ryan Broekhoff,2018,2019,0,,ryan_broekhoff
76262,Jim Brogan,1981,1982,0,,HISTADD_jim_brogan
1627763,Malcolm Brogdon,2016,2024,1,POR,malcolm_brogdon
76263,Gary Brokaw,1974,1977,0,,HISTADD_dupp_gary_brokaw
76264,Price Brookfield,1948,1949,0,,HISTADD_price_brookfield
201166,Aaron Brooks,2007,2017,0,,aaron_brooks
1629717,Armoni Brooks,2020,2023,0,,armoni_brooks
1628415,Dillon Brooks,2017,2026,1,HOU,dillon_brooks
76265,Kevin Brooks,1991,1993,0,,HISTADD_kevin_brooks
202705,MarShon Brooks,2011,2018,0,,marshon_brooks
76266,Michael Brooks,1980,1987,0,,HISTADD_michael_brooks
418,Scott Brooks,1988,1997,0,,scott_brooks
1631232,Keion Brooks Jr.,2024,2024,0,,keion_brooks_jr
1641780,Johni Broome,2025,2026,0,,johni_broome
2810,Andre Brown,2006,2008,0,,andre_brown
1626148,Anthony Brown,2015,2017,0,,anthony_brown
76284,Bob Brown,1948,1949,0,,HISTADD_bob_brown
201628,Bobby Brown,2008,2017,0,,bobby_brown
1628971,Bruce Brown,2018,2026,1,TOR,bruce_brown
359,Chucky Brown,1989,2001,0,,chucky_brown
2245,Damone Brown,2001,2004,0,,damone_brown
1642468,Darius Brown,2025,2025,0,,darius_brown
76270,Darrell Brown,1948,1948,0,,HISTADD_darrell_brown
244,Dee Brown,1990,2001,0,,dee_brown
200793,Dee Brown,2006,2008,0,,dee_brown
201974,Derrick Brown,2009,2011,0,,derrick_brown
2484,Devin Brown,2002,2009,0,,devin_brown
2081,Ernest Brown,2001,2003,0,,ernest_brown
76272,Fred Brown,1971,1983,0,,HISTADD_fred_brown
76273,George Brown,1957,1957,0,,HISTADD_george_brown
1871,Gerald Brown,1998,1998,0,,gerald_brown
76275,Harold Brown,1946,1946,0,,HISTADD_brownie_brown
203913,Jabari Brown,2014,2014,0,,jabari_brown
1627759,Jaylen Brown,2016,2026,1,BOS,jaylen_brown
76276,John Brown,1973,1979,0,,HISTADD_john_brown
2208,Kedrick Brown,2001,2004,0,,kedrick_brown
1631112,Kendall Brown,2022,2023,1,IND,kendall_brown
1641738,Kobe Brown,2023,2026,1,LAC,kobe_brown
2198,Kwame Brown,2001,2012,0,,kwame_brown
76278,Leon Brown,1946,1946,0,,HISTADD_stretch_brown
76279,Lewis Brown,1980,1980,0,,HISTADD_lewis_brown
203485,Lorenzo Brown,2013,2018,0,,lorenzo_brown
1643576,Maliq Brown,2026,2026,0,,maliq_brown
992,Marcus Brown,1996,1999,0,,marcus_brown
203900,Markel Brown,2014,2017,0,,markel_brown
1479,Mike Brown,1986,1997,0,,mike_brown
1629650,Moses Brown,2019,2024,1,POR,moses_brown
76277,Myron Brown,1991,1991,0,,HISTADD_myron_brown
136,P.J. Brown,1993,2007,0,,p.j._brown
753,Randy Brown,1991,2002,0,,randy_brown
76282,Raymond Brown,1989,1989,0,,HISTADD_raymond_brown
76283,Rickey Brown,1980,1984,0,,HISTADD_rickey_brown
76286,Roger Brown,1972,1979,0,,HISTADD_roger_brown
200769,Shannon Brown,2006,2014,0,,shannon_brown
76285,Stan Brown,1947,1951,0,,HISTADD_stan_brown
1628425,Sterling Brown,2017,2022,0,,sterling_brown
2357,Tierre Brown,2001,2004,0,,tierre_brown
76268,Tony Brown,1984,1991,0,,HISTADD_tony_brown
1630535,Greg Brown III,2021,2023,1,DAL,greg_brown_iii
1629718,Charlie Brown Jr.,2019,2023,1,NYK,charles_brown
1630602,Chaundee Brown Jr.,2021,2021,0,,chaundee_brown
1643414,Mikel Brown Jr.,2026,2026,0,,christopher_brown_jr
1628972,Troy Brown Jr.,2018,2023,1,DET,troy_brown_jr
76287,Jim Browne,1948,1949,0,,HISTADD_jim_browne
76288,Stanley Brundy,1989,1989,0,,HISTADD_marla_brumfield
1628973,Jalen Brunson,2018,2026,1,NYK,jalen_brunson
1594,Rick Brunson,1997,2005,0,,rick_brunson
1627852,Nicolas Brussino,2016,2017,0,,nicolas_brussino
1642868,Carter Bryant,2025,2026,0,,carter_bryant
1629091,Elijah Bryant,2020,2020,0,,elijah_bryant
76289,Emmette Bryant,1964,1971,0,,HISTADD_emmette_bryant
76290,Joe Bryant,1975,1982,0,,HISTADD_joe_bryant
977,Kobe Bryant,1996,2015,0,,kobe_bryant
95,Mark Bryant,1988,2002,0,,mark_bryant
1628418,Thomas Bryant,2017,2026,1,MIA,thomas_bryant
76291,Wallace Bryant,1983,1985,0,,HISTADD_wallace_bryant
76292,Torgeir Bryn,1989,1989,0,,HISTADD_torgeir_bryn
1629783,Shaq Buchanan,2021,2021,0,,shaq_buchanan
76293,Joe Buckhalter,1961,1962,0,,HISTADD_joe_buckhalter
76294,Steve Bucknall,1989,1989,0,,HISTADD_steve_bucknall
76295,Cleveland Buckner,1961,1962,0,,HISTADD_cleveland_buckner
1761,Greg Buckner,1999,2008,0,,greg_buckner
76296,Quinn Buckner,1976,1985,0,,HISTADD_quinn_buckner
76297,Dave Budd,1960,1964,0,,HISTADD_dave_budd
201978,Chase Budinger,2009,2015,0,,chase_budinger
76298,Walter Budko,1948,1951,0,,HISTADD_walt_budko
146,Jud Buechler,1990,2001,0,,jud_buechler
1641723,Kobe Bufkin,2023,2025,1,ATL,kobe_bufkin
1934,Rodney Buford,1999,2004,0,,rodney_buford
672,Matt Bullard,1990,2002,0,,matt_bullard
203493,Reggie Bullock Jr.,2013,2023,1,HOU,reggie_bullock
76300,Greg Bunch,1978,1978,0,,HISTADD_greg_bunch
76301,Dick Bunt,1952,1952,0,,HISTADD_dick_bunt
76302,Bill Buntin,1965,1965,0,,HISTADD_bill_buntin
76303,Luther Burden,1976,1977,0,,HISTADD_ticky_burden
2469,Pat Burke,2002,2006,0,,pat_burke
203504,Trey Burke,2013,2021,0,,trey_burke
76304,Roger Burkman,1981,1981,0,,HISTADD_roger_burkman
202692,Alec Burks,2011,2024,1,NYK,alec_burks
2766,Antonio Burks,2004,2005,0,,antonio_burks
101207,Kevin Burleson,2005,2005,0,,kevin_burleson
76305,Tom Burleson,1974,1980,0,,HISTADD_tom_burleson
76306,Jack Burmaster,1949,1949,0,,HISTADD_jack_burmaster
76307,David Burns,1981,1981,0,,HISTADD_david_burns
76308,Evers Burns,1993,1993,0,,HISTADD_evers_burns
76309,Jim Burns,1967,1967,0,,HISTADD_jim_burns
197,Scott Burrell,1993,2000,0,,scott_burrell
1643415,Brayden Burries,2026,2026,0,,brayden_burries
76311,Art Burris,1950,1951,0,,HISTADD_art_burris
675,Junior Burrough,1995,1995,0,,junior_burrough
76313,Bob Burrow,1956,1957,0,,HISTADD_bob_burrow
1629126,Deonte Burton,2018,2022,0,,deonte_burton
76314,Ed Burton,1961,1964,0,,HISTADD_ed_burton
1631174,Tyler Burton,2025,2025,0,,tyler_burton
416,Willie Burton,1990,1998,0,,willie_burton
76316,Steve Burtt,1984,1992,0,,HISTADD_steve_burtt
76317,Don Buse,1976,1984,0,,HISTADD_don_buse
202221,Brian Butch,2009,2009,0,,brian_butch
76318,Donnie Butcher,1961,1965,0,,HISTADD_donnie_butcher
76319,Al Butler,1961,1964,0,,HISTADD_al_butler
2406,Caron Butler,2002,2015,0,,caron_butler
202364,Da'Sean Butler,2010,2010,0,,da'sean_butler
76320,Greg Butler,1988,1990,0,,HISTADD_gregory_butler
2866,Jackie Butler,2004,2006,0,,jackie_butler
1630215,Jared Butler,2021,2024,1,WAS,jared_butler
348,Mitchell Butler,1993,2003,0,,mitchell_butler
2446,Rasual Butler,2002,2015,0,,rasual_butler
202710,Jimmy Butler III,2011,2026,1,MIA,jimmy_butler
1631219,John Butler Jr.,2022,2022,0,,john_butler_jr
202779,Dwight Buycks,2013,2017,0,,dwight_buycks
1641824,Matas Buzelis,2024,2026,0,,matas_buzelis
201182,Derrick Byars,2011,2011,0,,derrick_byars
101115,Andrew Bynum,2005,2013,0,,andrew_bynum
101198,Will Bynum,2005,2014,0,,will_bynum
76321,Marty Byrnes,1978,1982,0,,HISTADD_marty_byrnes
76322,Tommy Byrnes,1946,1950,0,,HISTADD_tommy_byrnes
76323,Mike Bytzura,1946,1946,0,,HISTADD_mike_bytzura
2560,Zarko Cabarkapa,2003,2006,0,,zarko_cabarkapa
76324,Barney Cable,1958,1963,0,,HISTADD_barney_cable
203998,Bruno Caboclo,2014,2020,0,,bruno_caboclo
1629719,Devontae Cacok,2019,2021,0,,davontae_cacok
679,Jason Caffey,1995,2002,0,,jason_caffey
262,Michael Cage,1984,1999,0,,michael_cage
1631288,Jamal Cain,2022,2026,1,MIA,jamal_cain
76326,Gerry Calabrese,1950,1951,0,,HISTADD_gerry_calabrese
201979,Nick Calathes,2013,2014,0,,nick_calathes
101181,Jose Calderon,2005,2018,0,,jose_calderon
154,Adrian Caldwell,1989,1997,0,,adrian_caldwell
76328,Jim Caldwell,1967,1967,0,,HISTADD_jim_caldwell
76329,Joe Caldwell,1964,1969,0,,HISTADD_pogo_caldwell
203484,Kentavious Caldwell-Pope,2013,2026,1,DEN,kentavious_caldwell-pope
76331,Bill Calhoun,1948,1954,0,,HISTADD_bill_calhoun
76330,Corky Calhoun,1972,1979,0,,HISTADD_corky_calhoun
76332,Demetrius Calip,1991,1991,0,,HISTADD_demetrius_calip
76333,Tom Callahan,1946,1946,0,,HISTADD_tom_callahan
76334,Rick Calloway,1990,1990,0,,HISTADD_rick_calloway
76335,Ernie Calverley,1946,1948,0,,HISTADD_ernie_calverley
76336,Mack Calvin,1976,1980,0,,HISTADD_mack_calvin
1641739,Toumani Camara,2023,2026,1,POR,toumani_camara
76337,Dexter Cambridge,1992,1992,0,,HISTADD_dexter_cambridge
948,Marcus Camby,1996,2012,0,,marcus_camby
1630267,Facundo Campazzo,2020,2022,0,,facundo_campazzo
922,Elden Campbell,1990,2004,0,,elden_campbell
76338,Tony Campbell,1984,1994,0,,HISTADD_tony_campbell
203477,Isaiah Canaan,2013,2018,0,,isaiah_canaan
1629962,Devin Cannady,2020,2021,0,,devin_cannady
76339,Larry Cannon,1973,1973,0,,HISTADD_larry_cannon
203991,Clint Capela,2014,2026,1,ATL,clint_capela
202382,Derrick Caracter,2010,2010,0,,derrick_caracter
2073,Brian Cardinal,2000,2011,0,,brian_cardinal
1642928,Dylan Cardwell,2025,2026,0,,dylan_cardwell
1630176,Vernon Carey Jr.,2020,2022,0,,vernon_carey_jr
76340,Howie Carl,1961,1961,0,,HISTADD_howie_carl
76341,Chet Carlisle,1946,1946,0,,HISTADD_chet_carlisle
2367,Geno Carlisle,2004,2004,0,,geno_carlisle
76342,Rick Carlisle,1984,1989,0,,HISTADD_rick_carlisle
76343,Al Carlson,1975,1975,0,,HISTADD_alvin_carlson
1642382,Branden Carlson,2024,2026,0,,branden_carlson
76344,Don Carlson,1946,1950,0,,HISTADD_swede_carlson
76345,Bob Carney,1954,1954,0,,HISTADD_bob_carney
200760,Rodney Carney,2006,2010,0,,rodney_carney
76346,Bob Carpenter,1949,1950,0,,HISTADD_bob_carpenter
156,Antoine Carr,1984,1999,0,,antoine_carr
76348,Austin Carr,1971,1980,0,,HISTADD_austin_carr
1643418,Cameron Carr,2026,2026,0,,cameron_carr
713,Chris Carr,1995,2000,0,,chris_carr
1757,Cory Carr,1998,1998,0,,cory_carr
76350,Kenny Carr,1977,1986,0,,HISTADD_kenny_carr
76351,M.L. Carr,1976,1984,0,,HISTADD_ml_carr
76352,Bob Carrington,1977,1979,0,,HISTADD_bob_carrington
1642267,Bub Carrington,2024,2026,0,,carlton_carrington
201960,DeMarre Carroll,2009,2019,0,,demarre_carroll
76353,Joe Barry Carroll,1980,1990,0,,HISTADD_joe_barry_carroll
2679,Matt Carroll,2003,2012,0,,matt_carroll
1131,Jimmy Carruth,1996,1996,0,,jimmy_carruth
1853,Anthony Carter,1999,2011,0,,anthony_carter
76355,Butch Carter,1980,1985,0,,HISTADD_butch_carter
1642269,Devin Carter,2024,2026,0,,tmp_devin_carter
76356,Fred Carter,1969,1976,0,,HISTADD_fred_carter
76357,George Carter,1967,1967,0,,HISTADD_george_carter
76358,Howard Carter,1983,1984,0,,HISTADD_howard_carter
76359,Jake Carter,1949,1949,0,,HISTADD_jake_carter
1628975,Jevon Carter,2018,2026,1,CHI,jevon_carter
2466,Maurice Carter,2002,2003,0,,maurice_carter
76360,Reggie Carter,1980,1981,0,,HISTADD_reggie_carter
76361,Ron Carter,1978,1979,0,,HISTADD_ron_carter
1713,Vince Carter,1998,2019,0,,vince_carter
1628976,Wendell Carter Jr.,2018,2026,1,ORL,wendell_carter_jr
203487,Michael Carter-Williams,2013,2022,0,,michael_carter-williams
1630618,D.J. Carton,2023,2024,1,TOR,dj_carton
76362,Bill Cartwright,1979,1994,0,,HISTADD_bill_cartwright
76363,Jay Carty,1968,1968,0,,HISTADD_jay_carty
1627936,Alex Caruso,2017,2026,1,CHI,alex_caruso
76364,Cornelius Cash,1976,1976,0,,HISTADD_cornelius_cash
208,Sam Cassell,1993,2007,0,,sam_cassell
201956,Omri Casspi,2009,2018,0,,omri_casspi
1642264,Stephon Castle,2024,2026,0,,stephen_castle
1630658,Colin Castleton,2023,2026,1,LAL,colin_castleton
76365,Harvey Catchings,1974,1984,0,,HISTADD_harvey_catchings
767,Terry Catledge,1985,1992,0,,terry_catledge
76367,Sid Catlett,1971,1971,0,,HISTADD_sid_catlett
1509,Kelvin Cato,1997,2006,0,,kelvin_cato
76368,Bobby Cattage,1981,1985,0,,HISTADD_bobby_cattage
1626161,Willie Cauley-Stein,2015,2022,0,,willie_cauley-stein
1628505,Troy Caupain,2018,2018,0,,troy_caupain
190,Duane Causwell,1990,2002,0,,duane_causwell
1628463,Tyler Cavanaugh,2017,2018,0,,tyler_cavanaugh
76370,Ron Cavenall,1984,1988,0,,HISTADD_ron_cavenall
1629958,Ahmad Caver,2021,2021,0,,ahmad_caver
1630608,Malcolm Cazalon,2023,2023,0,,malcolm_cazalon
76,Cedric Ceballos,1990,2000,0,,cedric_ceballos
1911,John Celestand,1999,2002,0,,john_celestand
1643416,Chris Cenac Jr.,2026,2026,0,,christopher_cenac_jr
76373,Al Cervi,1949,1952,0,,HISTADD_al_cervi
2763,Lionel Chalmers,2004,2004,0,,lionel_chalmers
201596,Mario Chalmers,2008,2017,0,,mario_chalmers
76374,Bill Chamberlain,1973,1973,0,,HISTADD_bill_chamberlain
76375,Wilt Chamberlain,1959,1972,0,,HISTADD_wilt_chamberlain
76376,Jerry Chambers,1966,1971,0,,HISTADD_jerry_chambers
1472,Tom Chambers,1981,1997,0,,tom_chambers
1630577,Julian Champagnie,2022,2026,1,SAS,julian_champagnie
1630551,Justin Champagnie,2021,2026,1,WAS,justin_champagnie
76378,Mike Champion,1988,1988,0,,HISTADD_mike_champion
1631113,Kennedy Chandler,2022,2025,0,,kennedy_chandler
2199,Tyson Chandler,2001,2019,0,,tyson_chandler
201163,Wilson Chandler,2007,2019,0,,wilson_chandler
76379,Don Chaney,1968,1979,0,,HISTADD_don_chaney
76380,John Chaney,1949,1949,0,,HISTADD_john_chaney
364,Rex Chapman,1988,1999,0,,rex_chapman
76382,Len Chappell,1962,1970,0,,HISTADD_len_chappell
76383,Ken Charles,1973,1977,0,,HISTADD_ken_charles
76384,Lorenzo Charles,1985,1985,0,,HISTADD_lorenzo_charles
1629147,Joe Chealey,2018,2019,0,,joe_chealey
384,Calbert Cheaney,1993,2005,0,,calbert_cheaney
1629597,Zylan Cheatham,2019,2021,0,,zylan_cheatham
76385,Maurice Cheeks,1978,1992,0,,HISTADD_maurice_cheeks
76386,Phil Chenier,1971,1980,0,,HISTADD_phil_chenier
203805,Will Cherry,2014,2014,0,,will_cherry
76387,Derrick Chievous,1988,1990,0,,HISTADD_derrick_chievous
432,Pete Chilcutt,1991,1999,0,,pete_chilcutt
2735,Josh Childress,2004,2013,0,,josh_childress
719,Randolph Childress,1995,1996,0,,randolph_childress
164,Chris Childs,1994,2002,0,,chris_childs
1629185,Chris Chiozza,2018,2021,0,,chris_chiozza
76391,Leroy Chollet,1949,1950,0,,HISTADD_leroy_chollet
1642279,Ulrich Chomche,2024,2024,0,,ulrich_chomche
76392,Jim Chones,1974,1981,0,,HISTADD_jim_chones
1627737,Marquese Chriss,2016,2021,0,,marquese_chriss
76393,Fred Christ,1954,1954,0,,HISTADD_fred_christ
76394,Cal Christensen,1950,1954,0,,HISTADD_cal_christensen
76395,Bob Christian,1970,1973,0,,HISTADD_bob_christian
1642353,Cam Christie,2024,2026,0,,cam_christie
57,Doug Christie,1992,2006,0,,doug_christie
1631108,Max Christie,2022,2026,1,LAL,max_christie
202091,Dionte Christmas,2013,2013,0,,dionte_christmas
1626176,Rakeem Christmas,2015,2016,0,,rakeem_christmas
203902,Semaj Christon,2016,2016,0,,semaj_christon
1630528,Josh Christopher,2021,2024,0,,josh_christopher
203565,Patrick Christopher,2014,2014,0,,patrick_christopher
928,Robert Churchwell,1995,1995,0,,robert_churchwell
1630619,Moussa Cisse,2025,2026,0,,tmp_moussa_cisse
1631321,Sidy Cissoko,2023,2026,1,SAS,sidy_cissoko
76397,Archie Clark,1966,1975,0,,HISTADD_archie_clark
76398,Carlos Clark,1983,1984,0,,HISTADD_carlos_clark
201947,Earl Clark,2009,2014,0,,earl_clark
1629109,Gary Clark,2018,2021,0,,gary_clark
203546,Ian Clark,2013,2018,0,,ian_clark
1641740,Jaylen Clark,2023,2026,1,MIN,jaylen_clark
1721,Keon Clark,1998,2003,0,,keon_clark
1629634,Brandon Clarke,2019,2026,1,MEM,brandon_clarke
1626262,Coty Clarke,2015,2015,0,,coty_clarke
203903,Jordan Clarkson,2014,2026,1,UTA,jordan_clarkson
1628492,Gian Clavell,2017,2017,0,,gian_clavell
201964,Victor Claver,2012,2014,0,,victor_claver
1127,Charles Claxton,1995,1995,0,,charles_claxton
1629651,Nic Claxton,2019,2026,1,BKN,nicolas_claxton
2049,Speedy Claxton,2001,2008,0,,speedy_claxton
1642383,Walter Clayton Jr.,2025,2026,0,,walter_clayton_jr
76402,Jim Cleamons,1971,1979,0,,HISTADD_jim_cleamons
2043,Mateen Cleaves,2000,2005,0,,mateen_cleaves
76403,John Clemens,1965,1975,0,,HISTADD_barry_clemens
1629598,Chris Clemons,2019,2019,0,,chris_clemons
1628499,Antonius Cleveland,2017,2019,0,,antonius_cleveland
1642363,Nique Clifford,2025,2026,0,,nique_clifford
76404,Nat Clifton,1950,1957,0,,HISTADD_sweetwater_clifton
1642270,Donovan Clingan,2024,2026,0,,donovan_clingan
76406,Bill Closs,1949,1951,0,,HISTADD_bill_closs
1569,Keith Closs,1997,2000,0,,keith_closs
1641730,Noah Clowney,2023,2026,1,BKN,noah_clowney
76407,Paul Cloyd,1949,1949,0,,HISTADD_paul_cloyd
76408,Marion Cluggish,1946,1946,0,,HISTADD_bob_cluggish
76409,Ben Clyde,1974,1974,0,,HISTADD_ben_clyde
1629599,Amir Coffey,2019,2026,1,LAC,amir_coffey
76410,Richard Coffey,1990,1990,0,,HISTADD_richard_coffey
76411,Fred Cofield,1985,1986,0,,HISTADD_fred_cofield
715,John Coker,1995,2000,0,,john_coker
202708,Norris Cole,2011,2016,0,,norris_cole
76412,Ben Coleman,1986,1993,0,,HISTADD_ben_coleman
934,Derrick Coleman,1990,2004,0,,derrick_coleman
76413,E.C. Coleman,1973,1978,0,,HISTADD_ec_coleman
76414,Jack Coleman,1949,1957,0,,HISTADD_jack_coleman
76415,Norris Coleman,1987,1987,0,,HISTADD_norris_coleman
902,Bimbo Coles,1990,2003,0,,bimbo_coles
1642268,Isaiah Collier,2024,2026,0,,tmp_isaiah_collier
2044,Jason Collier,2000,2004,0,,jason_collier
76416,Art Collins,1980,1980,0,,HISTADD_art_collins
76418,Don Collins,1980,1986,0,,HISTADD_don_collins
76421,Doug Collins,1973,1980,0,,HISTADD_dupp_doug_collins
1530,James Collins,1997,1997,0,,james_collins
2260,Jarron Collins,2001,2010,0,,jarron_collins
2215,Jason Collins,2001,2013,0,,jason_collins
76419,Jimmy Collins,1970,1971,0,,HISTADD_jimmy_collins
1628381,John Collins,2017,2026,1,UTA,john_collins
200776,Mardy Collins,2006,2009,0,,mardy_collins
202395,Sherron Collins,2010,2010,0,,sherron_collins
1641879,Yuri Collins,2024,2024,0,,yuri_collins
1628380,Zach Collins,2017,2026,1,SAS,zach_collins
1627858,Kyle Collinsworth,2017,2017,0,,kyle_collinsworth
201954,Darren Collison,2009,2021,0,,darren_collison
2555,Nick Collison,2003,2017,0,,nick_collison
76422,Joe Colone,1948,1948,0,,HISTADD_bells_colone
1629045,Bonzie Colson,2018,2018,0,,bonzie_colson
2173,Sean Colson,2000,2002,0,,sean_colson
306,Steve Colter,1984,1994,0,,steve_colter
1628435,Chance Comanche,2022,2022,0,,chance_comanche
76425,Leroy Combs,1983,1983,0,,HISTADD_leroy_combs
76426,Dallas Comegys,1987,1988,0,,HISTADD_dallas_comegys
76427,Larry Comley,1963,1963,0,,HISTADD_larry_comley
76428,Gene Conley,1952,1963,0,,HISTADD_gene_conley
201144,Mike Conley,2007,2026,1,MIN,mike_conley
76429,Ed Conlin,1955,1961,0,,HISTADD_ed_conlin
55,Marty Conlon,1991,1999,0,,marty_conlon
1626192,Pat Connaughton,2015,2026,1,MIL,pat_connaughton
76431,Lester Conner,1982,1994,0,,HISTADD_lester_conner
76432,Chuck Connors,1946,1947,0,,HISTADD_chuck_connors
101215,Will Conroy,2006,2012,0,,will_conroy
1643553,Ryan Conwell,2026,2026,0,,ryan_conwell
76433,Anthony Cook,1990,1995,0,,HISTADD_anthony_cook
76434,Bert Cook,1954,1954,0,,HISTADD_bert_cook
76438,Bobby Cook,1949,1949,0,,HISTADD_cookie_cook
2567,Brian Cook,2003,2011,0,,brian_cook
201161,Daequan Cook,2007,2012,0,,daequan_cook
76435,Darwin Cook,1980,1988,0,,HISTADD_darwin_cook
76436,Jeff Cook,1979,1987,0,,HISTADD_jeff_cook
76437,Norm Cook,1976,1977,0,,HISTADD_norm_cook
2241,Omar Cook,2001,2004,0,,omar_cook
1626188,Quinn Cook,2016,2020,0,,quinn_cook
1629076,Tyler Cook,2019,2021,0,,tyler_cook
1628429,Charles Cooke,2017,2017,0,,charles_cooke
76439,David Cooke,1985,1985,0,,HISTADD_david_cooke
1631451,Javonte Cooke,2025,2025,0,,javonte_cooke
76440,Joe Cooke,1970,1970,0,,HISTADD_joe_cooke
1641645,Xavier Cooks,2022,2022,0,,xavier_cooks
204022,Jack Cooley,2014,2017,0,,jack_cooley
76442,Chuck Cooper,1950,1955,0,,HISTADD_chuck_cooper
1030,Duane Cooper,1992,1993,0,,duane_cooper
76443,Joe Cooper,1981,1984,0,,HISTADD_joe_cooper
76444,Michael Cooper,1978,1989,0,,HISTADD_michael_cooper
1630536,Sharife Cooper,2021,2026,0,,sharife_cooper
76441,Wayne Cooper,1978,1991,0,,HISTADD_wayne_cooper
76446,Tom Copa,1991,1991,0,,HISTADD_tom_copa
203142,Chris Copeland,2012,2015,0,,chris_copeland
76447,Hollis Copeland,1979,1981,0,,HISTADD_hollis_copeland
76448,Lanard Copeland,1989,1991,0,,HISTADD_lanard_copeland
895,Tyrone Corbin,1985,2000,0,,tyrone_corbin
76450,Chris Corchiani,1991,1993,0,,HISTADD_chris_corchiani
76451,Ken Corley,1946,1946,0,,HISTADD_ken_corley
76452,Ray Corley,1949,1952,0,,HISTADD_ray_corley
1627822,Petr Cornelie,2021,2021,0,,petr_cornelie
76453,Dave Corzine,1978,1990,0,,HISTADD_dave_corzine
76454,Larry Costello,1954,1967,0,,HISTADD_larry_costello
1627856,Matt Costello,2017,2017,0,,matt_costello
203955,Bryce Cotton,2014,2015,0,,bryce_cotton
76456,Jack Cotton,1949,1949,0,,HISTADD_jack_cotton
1526,James Cotton,1997,1998,0,,james_cotton
76457,John Coughran,1979,1979,0,,HISTADD_john_coughran
1641731,Bilal Coulibaly,2023,2026,1,WAS,bilal_coulibaly
1641741,Ricky Council IV,2023,2024,1,PHI,ricky_council_iv
76458,Mel Counts,1964,1975,0,,HISTADD_mel_counts
76459,Steve Courtin,1964,1964,0,,HISTADD_steve_courtin
1432,Joe Courtney,1992,1996,0,,joe_courtney
202408,Marcus Cousin,2010,2010,0,,marcus_cousin
202326,DeMarcus Cousins,2010,2021,0,,demarcus_cousins
600003,Bob Cousy,1950,1969,0,,HISTADD_bob_cousy
203496,Robert Covington,2013,2023,1,PHI,robert_covington
1642907,Cedric Coward,2025,2026,0,,cedric_coward
76462,Dave Cowens,1970,1982,0,,HISTADD_dave_cowens
76463,John Cox,1982,1982,0,,HISTADD_chubby_cox
76464,Johnny Cox,1962,1962,0,,HISTADD_johnny_cox
76465,Wesley Cox,1977,1978,0,,HISTADD_wesley_cox
203459,Allen Crabbe,2013,2019,0,,allen_crabbe
1628470,Torrey Craig,2017,2024,1,CHI,torrey_craig
1544,Chris Crawford,1997,2003,0,,chris_crawford
76466,Freddie Crawford,1966,1970,0,,HISTADD_freddie_crawford
1642384,Isaiah Crawford,2024,2026,0,,isaiah_crawford
2037,Jamal Crawford,2000,2019,0,,jamal_crawford
201621,Joe Crawford,2008,2008,0,,joe_crawford
202348,Jordan Crawford,2010,2017,0,,jordan_crawford
1628249,Mitchell Creek,2018,2018,0,,mitchell_creek
76468,Jim Creighton,1975,1975,0,,HISTADD_jim_creighton
76469,Ron Crevier,1985,1985,0,,HISTADD_ron_crevier
76470,Hal Crisler,1946,1946,0,,HISTADD_hal_crisler
2343,Joe Crispin,2001,2001,0,,joe_crispin
76471,Charlie Criss,1977,1984,0,,HISTADD_charlie_criss
76472,Winston Crite,1987,1988,0,,HISTADD_winston_crite
201159,Javaris Crittenton,2007,2009,0,,javaris_crittenton
76473,Dillard Crocker,1948,1952,0,,HISTADD_dillard_crocker
76474,Jeffrey Crompton,1978,1983,0,,HISTADD_geoff_crompton
76475,Terry Crosby,1979,1979,0,,HISTADD_terry_crosby
1506,Austin Croshere,1997,2008,0,,austin_croshere
76476,Jeff Cross,1985,1985,0,,HISTADD_jeff_cross
76477,Pete Cross,1970,1972,0,,HISTADD_pete_cross
76478,Russell Cross,1983,1983,0,,HISTADD_russell_cross
76479,Francis Crossin,1947,1949,0,,HISTADD_chink_crossin
180,John Crotty,1992,2002,0,,john_crotty
76481,Mark Crow,1977,1977,0,,HISTADD_crow-bar_crow
76482,Corey Crowder,1991,1994,0,,HISTADD_corey_crowder
203109,Jae Crowder,2012,2024,1,MIL,jae_crowder
1630622,Jalen Crutcher,2023,2023,0,,jalen_crutcher
1643018,LJ Cryer,2025,2026,0,,lj_cryer
1642385,Cui Cui,2024,2024,0,,yongxi_cui
1629633,Jarrett Culver,2019,2022,0,,jarrett_culver
1629600,Jarron Cumberland,2021,2021,0,,jarron_cumberland
76483,Pat Cummings,1979,1990,0,,HISTADD_pat_cummings
187,Terry Cummings,1982,1999,0,,terry_cummings
1907,Vonteego Cummings,1999,2002,0,,vonteego_cummings
76487,Billy Cunningham,1965,1975,0,,HISTADD_billy_cunningham
1630595,Cade Cunningham,2021,2026,1,DET,cade_cunningham
201967,Dante Cunningham,2009,2018,0,,dante_cunningham
76485,Dick Cunningham,1968,1974,0,,HISTADD_dick_cunningham
203099,Jared Cunningham,2012,2015,0,,jared_cunningham
1061,William Cunningham,1997,1998,0,,william_cunningham
76488,Radisav Curcic,1992,1992,0,,HISTADD_radisav_curcic
76489,Armand Cure,1946,1946,0,,HISTADD_armand_cure
940,Earl Cureton,1980,1996,0,,earl_cureton
223,Bill Curley,1994,2000,0,,bill_curley
76492,Fran Curran,1948,1949,0,,HISTADD_fran_curran
209,Dell Curry,1986,2001,0,,dell_curry
2201,Eddy Curry,2001,2012,0,,eddy_curry
201191,JamesOn Curry,2007,2009,0,,jameson_curry
688,Michael Curry,1993,2004,0,,michael_curry
203552,Seth Curry,2013,2026,1,CHA,seth_curry
201939,Stephen Curry,2009,2026,1,GSW,stephen_curry
687,Rastko Cvetkovic,1995,1995,0,,rastko_cvetkovic
76505,Mike D'Antoni,1973,1976,0,,HISTADD_mike_d'antoni
1642359,Pacôme Dadiet,2024,2026,0,,pacome_dadiet
76496,Ed Dahler,1951,1951,0,,HISTADD_ed_dahler
76497,Quintin Dailey,1982,1991,0,,HISTADD_quintin_dailey
2223,Samuel Dalembert,2001,2014,0,,samuel_dalembert
76498,Howie Dallmar,1946,1948,0,,HISTADD_howie_dallmar
956,Erick Dampier,1996,2011,0,,erick_dampier
76499,Lou Dampier,1976,1978,0,,HISTADD_lou_dampier
76500,Bob Dandridge,1969,1981,0,,HISTADD_bob_dandridge
1498,Antonio Daniels,1997,2010,0,,antonio_daniels
1630700,Dyson Daniels,2022,2026,1,NOP,dyson_daniels
2845,Erik Daniels,2004,2004,0,,erik_daniels
1380,Lloyd Daniels,1992,1997,0,,lloyd_daniels
2605,Marquis Daniels,2003,2012,0,,marquis_daniels
76502,Mel Daniels,1976,1976,0,,HISTADD_mel_daniels
203584,Troy Daniels,2013,2019,0,,troy_daniels
390,Sasha Danilovic,1995,1996,0,,sasha_danilovic
1642368,N'Faly Dante,2024,2025,0,,nfaly_dante
76504,Adrian Dantley,1976,1990,0,,HISTADD_adrian_dantley
76506,Henry Darcey,1952,1952,0,,HISTADD_pete_darcey
76507,Jimmy Darden,1949,1949,0,,HISTADD_jimmy_darden
212,Yinka Dare,1994,1997,0,,yinka_dare
76509,Jesse Dark,1974,1974,0,,HISTADD_jesse_dark
1630268,Nate Darling,2020,2020,0,,nate_darling
76511,Jimmy Darrow,1961,1961,0,,HISTADD_jimmy_darrow
203540,Gigi Datome,2013,2014,0,,gigi_datome
921,Brad Daugherty,1986,1993,0,,brad_daugherty
1600,Kornel David,1998,2000,0,,kornel_david
201176,Jermareo Davidson,2007,2008,0,,jermareo_davidson
76514,Bob Davies,1948,1954,0,,HISTADD_bob_davies
203561,Brandon Davies,2013,2014,0,,brandon_davies
203076,Anthony Davis,2012,2026,1,LAL,anthony_davis
213,Antonio Davis,1993,2005,0,,antonio_davis
76515,Aubrey Davis,1946,1946,0,,HISTADD_aubrey_davis
1884,Baron Davis,1999,2011,0,,baron_davis
989,Ben Davis,1996,1999,0,,ben_davis
76538,Bill Davis,1946,1946,0,,HISTADD_bill_davis
76533,Bob Davis,1972,1972,0,,HISTADD_bob_davis
76516,Brad Davis,1977,1991,0,,HISTADD_brad_davis
76517,Brian Davis,1993,1993,0,,HISTADD_brian_davis
76518,Charlie Davis,1981,1989,0,,HISTADD_charlie_e_davis
76519,Charlie Davis,1971,1973,0,,HISTADD_charlie_davis
905,Dale Davis,1991,2006,0,,dale_davis
1627738,Deyonta Davis,2016,2018,0,,deyonta_davis
76521,Double D Davis,1972,1976,0,,HISTADD_doubled_davis
202334,Ed Davis,2010,2021,0,,ed_davis
76522,Edward Davis,1972,1976,0,,HISTADD_mickey_davis
1023,Emanual Davis,1996,2002,0,,emanual_davis
201175,Glen Davis,2007,2014,0,,glen_davis
76523,Harry Davis,1978,1979,0,,HISTADD_harry_davis
93,Hubert Davis,1992,2003,0,,hubert_davis
76524,James Davis,1955,1955,0,,HISTADD_red_davis
76525,Jim Davis,1967,1974,0,,HISTADD_jim_davis
76526,Johnny Davis,1976,1985,0,,HISTADD_johnny_davis
1631098,Johnny Davis,2022,2024,1,WAS,johnny_davis
2668,Josh Davis,2003,2011,0,,josh_davis
707,Mark Davis,1995,1999,0,,mark_davis
76528,Mark Davis,1988,1988,0,,HISTADD_mark_g_davis
76529,Mel Davis,1973,1976,0,,HISTADD_mel_davis
76530,Michael Davis,1982,1982,0,,HISTADD_michael_davis
76531,Mike Davis,1969,1972,0,,HISTADD_mike_davis
76520,Monti Davis,1980,1980,0,,HISTADD_monti_davis
200781,Paul Davis,2006,2009,0,,paul_davis
76532,Ralph Davis,1960,1961,0,,HISTADD_ralph_davis
1729,Ricky Davis,1998,2009,0,,ricky_davis
76534,Ron Davis,1976,1981,0,,HISTADD_ron_davis
1629056,Terence Davis,2019,2024,0,,terence_davis
426,Terry Davis,1989,2000,0,,terry_davis
1629093,Tyler Davis,2018,2018,0,,tyler_davis
76536,Walt Davis,1953,1957,0,,HISTADD_buddy_davis
1453,Walter Davis,1977,1991,0,,walter_davis
1631120,JD Davison,2022,2026,1,BOS,jd_davison
203958,Andre Dawkins,2014,2014,0,,andre_dawkins
76539,Darryl Dawkins,1975,1988,0,,HISTADD_darryl_dawkins
1008,Johnny Dawkins,1986,1994,0,,johnny_dawkins
76541,Paul Dawkins,1979,1979,0,,HISTADD_paul_dawkins
1626183,Branden Dawson,2015,2015,0,,branden_dawson
201286,Eric Dawson,2011,2011,0,,eric_dawson
76542,Tony Dawson,1990,1994,0,,HISTADD_tony_dawson
103,Todd Day,1992,2000,0,,todd_day
201948,Austin Daye,2009,2014,0,,austin_daye
76543,Darren Daye,1983,1987,0,,HISTADD_darren_daye
1630620,Darius Days,2022,2022,0,,darius_days
201986,Nando De Colo,2012,2013,0,,nando_de colo
1643547,Sergio De Larrea,2026,2026,0,,sergio_de_larrea
76545,Dave DeBusschere,1962,1973,0,,HISTADD_dave_debusschere
692,Andrew DeClercq,1995,2004,0,,andrew_declercq
1629602,Javin DeLaurier,2021,2021,0,,javin_delaurier
76551,Nate DeLong,1951,1951,0,,HISTADD_nate_delong
201942,DeMar DeRozan,2009,2026,1,CHI,demar_derozan
76562,Hank DeZonie,1950,1950,0,,HISTADD_hank_dezonie
76544,Greg Deane,1979,1979,0,,HISTADD_greg_deane
1630466,Gabriel Deck,2020,2021,0,,gabriel_deck
203473,Dewayne Dedmon,2013,2022,0,,dewayne_dedmon
76546,Archie Dees,1958,1961,0,,HISTADD_archie_dees
143,Terry Dehere,1993,1998,0,,terry_dehere
76548,Red Dehnert,1946,1946,0,,HISTADD_red_dehnert
1626214,Bryce Dejean-Jones,2015,2015,0,,bryce_dejean-jones
1626155,Sam Dekker,2015,2021,0,,sam_dekker
219,Vinny Del Negro,1988,2001,0,,vinny_del negro
1627098,Malcolm Delaney,2016,2017,0,,malcolm_delaney
183,Bison Dele,1991,1998,0,,bison_dele
2568,Carlos Delfino,2004,2013,0,,carlos_delfino
1629116,Angel Delgado,2018,2018,0,,angel_delgado
960,Tony Delk,1996,2005,0,,tony_delk
203521,Matthew Dellavedova,2013,2022,0,,matthew_dellavedova
76552,Fennis Dembo,1988,1988,0,,HISTADD_fennis_dembo
76553,Larry Demic,1979,1981,0,,HISTADD_larry_demic
725,Dell Demps,1993,1996,0,,dell_demps
76555,George Dempsey,1954,1958,0,,HISTADD_george_dempsey
2736,Luol Deng,2004,2018,0,,luol_deng
76556,Kenny Dennard,1981,1983,0,,HISTADD_kenny_dennard
76557,Blaine Denning,1952,1952,0,,HISTADD_blaine_denning
1641926,Dexter Dennis,2023,2023,0,,dexter_dennis
1642484,RayJ Dennis,2024,2026,0,,rayj_dennis
202458,Justin Dentmon,2011,2012,0,,justin_dentmon
76558,Randy Denton,1976,1976,0,,HISTADD_randy_denton
76559,Rod Derline,1974,1975,0,,HISTADD_rod_derline
1629094,Marcus Derrickson,2018,2018,0,,marcus_derrickson
76560,Dave Deutsch,1966,1966,0,,HISTADD_dave_deutsch
76561,Walter Devlin,1955,1957,0,,HISTADD_corky_devlin
76568,Ernie DiGregorio,1973,1977,0,,HISTADD_ernie_digregorio
1628978,Donte DiVincenzo,2018,2026,1,NYK,donte_divincenzo
1631217,Moussa Diabaté,2022,2026,1,LAC,moussa_diabate
1629603,Mamadi Diakite,2020,2023,1,NYK,mamadi_diakite
1760,Derrick Dial,1999,2003,0,,derrick_dial
1627767,Cheick Diallo,2016,2021,0,,cheick_diallo
1628977,Hamidou Diallo,2018,2023,0,,hamidou_diallo
2564,Boris Diaw,2003,2016,0,,boris_diaw
1642885,Mohamed Diawara,2025,2026,0,,mohamed_diawara
200821,Yakhouba Diawara,2006,2009,0,,yakhouba_diawara
200799,Guillermo Diaz,2007,2007,0,,guillermo_diaz
1641711,Gradey Dick,2023,2026,1,TOR,gradey_dick
2424,Dan Dickau,2002,2007,0,,dan_dickau
2079,Kaniel Dickens,2003,2007,0,,kaniel_dickens
76563,Henry Dickerson,1975,1976,0,,HISTADD_henry_dickerson
1722,Michael Dickerson,1998,2002,0,,michael_dickerson
76564,Derrek Dickey,1973,1977,0,,HISTADD_derrek_dickey
76565,Dick Dickey,1951,1951,0,,HISTADD_dick_dickey
1630621,Hunter Dickinson,2025,2026,0,,hunter_dickinson
101143,Travis Diener,2005,2009,0,,travis_diener
203476,Gorgui Dieng,2013,2022,0,,gorgui_dieng
1631172,Ousmane Dieng,2022,2026,1,OKC,ousmane_dieng
76566,Connie Dierking,1958,1970,0,,HISTADD_connie_dierking
76567,Coby Dietrick,1976,1982,0,,HISTADD_coby_dietrick
76569,Mickey Dillard,1981,1981,0,,HISTADD_mickey_dillard
76570,Bob Dille,1946,1946,0,,HISTADD_oscar_dille
1642265,Rob Dillingham,2024,2026,0,,rob_dillingham
76571,John Dillon,1949,1949,0,,HISTADD_hooks_dillon
76574,Byron Dinkins,1989,1990,0,,HISTADD_byron_dinkins
76575,Jackie Dinkins,1971,1971,0,,HISTADD_jackie_dinkins
76576,Bill Dinwiddie,1967,1971,0,,HISTADD_bill_dinwiddie
203915,Spencer Dinwiddie,2014,2024,1,LAL,spencer_dinwiddie
101113,Ike Diogu,2005,2011,0,,ike_diogu
2205,DeSagana Diop,2001,2012,0,,desagana_diop
76577,Terry Dischinger,1962,1972,0,,HISTADD_terry_dischinger
76578,Fred Diute,1954,1954,0,,HISTADD_fred_diute
124,Vlade Divac,1989,2004,0,,vlade_divac
2413,Juan Dixon,2002,2008,0,,juan_dixon
1059,Aleksandar Djordjevic,1996,1996,0,,aleksandar_djordjevic
76580,Earl Dodd,1949,1949,0,,HISTADD_earl_dodd
1720,Michael Doleac,1998,2007,0,,michael_doleac
76581,Joe Dolhon,1949,1950,0,,HISTADD_joe_dolhon
76582,Bob Doll,1946,1949,0,,HISTADD_bob_doll
76583,James Donaldson,1980,1994,0,,HISTADD_james_donaldson
76584,Bob Donham,1950,1953,0,,HISTADD_bob_donham
76586,Billy Donovan,1987,1987,0,,HISTADD_billy_donovan
76585,Harry Donovan,1949,1949,0,,HISTADD_harry_donovan
1629029,Luka Dončić,2018,2026,1,DAL,luka_don
2039,Keyon Dooling,2000,2012,0,,keyon_dooling
76587,Jacky Dorsey,1977,1980,0,,HISTADD_jacky_dorsey
201595,Joey Dorsey,2008,2014,0,,joey_dorsey
1628416,Tyler Dorsey,2017,2022,0,,tyler_dorsey
1629652,Luguentz Dort,2019,2026,1,OKC,luguentz_dort
1630245,Ayo Dosunmu,2021,2026,1,CHI,ayo_dosunmu
1628422,Damyean Dotson,2017,2021,0,,damyean_dotson
1629653,Devon Dotson,2020,2022,0,,devon_dotson
200763,Quincy Douby,2006,2008,0,,quincy_douby
76588,Bruce Douglas,1986,1986,0,,HISTADD_bruce_douglas
76589,John Douglas,1981,1982,0,,HISTADD_john_douglas
76590,Leon Douglas,1976,1982,0,,HISTADD_leon_douglas
428,Sherman Douglas,1989,2000,0,,sherman_douglas
201962,Toney Douglas,2009,2016,0,,toney_douglas
201604,Chris Douglas-Roberts,2008,2014,0,,chris_douglas-roberts
1629635,Sekou Doumbouya,2019,2021,0,,sekou_doumbouya
76592,Lloyd Dove,1967,1968,0,,HISTADD_sonny_dove
202220,Zabian Dowdell,2010,2010,0,,zabian_dowdell
76593,Bill Downey,1947,1947,0,,HISTADD_bill_downey
76594,Steve Downing,1973,1974,0,,HISTADD_steve_downing
1630288,Jeff Dowtin Jr.,2021,2024,1,PHI,jeff_dowtin
76595,Danny Doyle,1962,1962,0,,HISTADD_danny_doyle
1628495,Milton Doyle,2017,2017,0,,milton_doyle
1628408,PJ Dozier,2017,2024,0,,pj_dozier
76596,Terry Dozier,1989,1989,0,,HISTADD_terry_dozier
201609,Goran Dragic,2008,2022,0,,goran_dragic
204054,Zoran Dragic,2014,2014,0,,zoran_dragic
1068,Greg Dreiling,1986,1996,0,,greg_dreiling
1630929,Henri Drell,2023,2023,1,CHI,henri_drell
1724,Bryce Drew,1998,2003,0,,bryce_drew
76598,John Drew,1974,1984,0,,HISTADD_john_drew
76599,Larry Drew,1980,1990,0,,HISTADD_larry_drew
203580,Larry Drew II,2014,2017,0,,larry_drew ii
17,Clyde Drexler,1983,1997,0,,clyde_drexler
1041,Nate Driggers,1996,1996,0,,nate_driggers
76603,Terry Driscoll,1970,1974,0,,HISTADD_terry_driscoll
1542,Predrag Drobnjak,2001,2004,0,,predrag_drobnjak
76604,Ralph Drollinger,1980,1980,0,,HISTADD_ralph_drollinger
203083,Andre Drummond,2012,2026,1,CHI,andre_drummond
76623,Dennis DuVal,1974,1975,0,,HISTADD_dennis_duval
1630537,Chris Duarte,2021,2024,1,SAC,chris_duarte
1642505,Alex Ducas,2024,2024,0,,alex_ducas
76605,Dick Duckett,1957,1957,0,,HISTADD_dick_duckett
404,Kevin Duckworth,1986,1996,0,,kevin_duckworth
76607,Charles Dudley,1972,1978,0,,HISTADD_grasshopper_dudley
201,Chris Dudley,1987,2002,0,,chris_dudley
201162,Jared Dudley,2007,2020,0,,jared_dudley
76608,Terry Duerod,1979,1982,0,,HISTADD_terry_duerod
76609,Bob Duffy,1946,1946,0,,HISTADD_bobjohn_duffy
76610,Bob Duffy,1962,1964,0,,HISTADD_bob_duffy
2768,Chris Duhon,2004,2012,0,,chris_duhon
1626251,Duje Dukan,2015,2015,0,,duje_dukan
1630561,David Duke Jr.,2021,2024,1,SAS,david_duke_jr
76611,Walter Dukes,1955,1962,0,,HISTADD_walter_dukes
247,Joe Dumars,1985,1998,0,,joe_dumars
30,Richard Dumas,1992,1995,0,,richard_dumas
434,Tony Dumas,1994,1997,0,,tony_dumas
76615,Andy Duncan,1948,1950,0,,HISTADD_andy_duncan
1495,Tim Duncan,1997,2015,0,,tim_duncan
2399,Mike Dunleavy,2002,2016,0,,mike_dunleavy
76616,Mike Dunleavy,1976,1989,0,,HISTADD_mike_dunleavy_sr
1627739,Kris Dunn,2016,2026,1,UTA,kris_dunn
76617,Pat Dunn,1957,1957,0,,HISTADD_pat_dunn
1642346,Ryan Dunn,2024,2026,0,,ryan_dunn
76618,T.R. Dunn,1977,1990,0,,HISTADD_tr_dunn
2648,Ronald Dupree,2003,2010,0,,ronald_dupree
201142,Kevin Durant,2007,2026,1,PHX,kevin_durant
1631105,Jalen Duren,2022,2026,1,DET,jalen_duren
76619,John Duren,1980,1982,0,,HISTADD_john_duren
1090,Pat Durham,1992,1994,0,,pat_durham
76621,Devin Durrant,1984,1985,0,,HISTADD_devin_durrant
76622,Ken Durrett,1971,1974,0,,HISTADD_ken_durrett
1628979,Trevon Duval,2018,2018,0,,trevon_duval
76624,Jack Dwan,1948,1948,0,,HISTADD_jack_dwan
1643407,AJ Dybantsa,2026,2026,0,,anicet_dybantsa
76625,Craig Dykema,1981,1981,0,,HISTADD_craig_dykema
76626,Gene Dyker,1953,1953,0,,HISTADD_gene_dyker
202406,Jerome Dyson,2011,2011,0,,jerome_dyson
1642856,Egor Dëmin,2025,2026,0,,tmp_egor_demin
289,Ledell Eackles,1988,1997,0,,ledell_eackles
76628,Jim Eakins,1976,1977,0,,HISTADD_jimbo_eakins
768,Acie Earl,1993,1996,0,,acie_earl
76630,Ed Earle,1953,1953,0,,HISTADD_ed_earle
203921,Cleanthony Early,2014,2015,0,,cleanthony_early
1631106,Tari Eason,2022,2026,1,HOU,tari_eason
76631,Mark Eaton,1982,1992,0,,HISTADD_mark_eaton
76632,Jerry Eaves,1982,1986,0,,HISTADD_jerry_eaves
202365,Devin Ebanks,2010,2012,0,,devin_ebanks
76633,Bill Ebben,1957,1957,0,,HISTADD_bill_ebben
76634,Al Eberhard,1974,1977,0,,HISTADD_al_eberhard
2569,Ndudi Ebi,2003,2004,0,,ndudi_ebi
1630693,Jaime Echenique,2021,2021,0,,jaime_echenique
204067,Jarell Eddie,2015,2017,0,,jarell_eddie
76635,Patrick Eddie,1991,1991,0,,HISTADD_patrick_eddie
76636,Thomas Eddleman,1949,1952,0,,HISTADD_dike_eddleman
76637,Kent Edelin,1984,1984,0,,HISTADD_kent_edelin
1641744,Zach Edey,2024,2026,0,,zach_edey
1642845,VJ Edgecombe,2025,2026,0,,valdez_edgecombe
76638,Keith Edmonson,1982,1983,0,,HISTADD_keith_edmonson
721,Tyus Edney,1995,2000,0,,tyus_edney
1630162,Anthony Edwards,2020,2026,1,MIN,anthony_edwards
76646,Bill Edwards,1993,1993,0,,HISTADD_bill_edwards
898,Blue Edwards,1989,1998,0,,blue_edwards
1629035,Carsen Edwards,2019,2021,0,,carsen_edwards
2451,Corsley Edwards,2002,2004,0,,corsley_edwards
346,Doug Edwards,1993,1995,0,,doug_edwards
76641,Franklin Edwards,1981,1987,0,,HISTADD_franklin_edwards
229,James Edwards,1977,1995,0,,james_edwards
76643,Jay Edwards,1989,1989,0,,HISTADD_jay_edwards
1642399,Jesse Edwards,2024,2024,0,,jesse_edwards
2823,John Edwards,2004,2005,0,,john_edwards
1642348,Justin Edwards,2024,2026,0,,tmp_justin_edwards
1630556,Kessler Edwards,2021,2024,1,SAC,kessler_edwards
236,Kevin Edwards,1988,2000,0,,kevin_edwards
1630306,Rob Edwards,2021,2021,0,,rob_edwards
202197,Shane Edwards,2013,2013,0,,shane_edwards
1629053,Vincent Edwards,2018,2018,0,,vincent_edwards
76647,Johnny Egan,1961,1971,0,,HISTADD_johnny_egan
76648,Lonnie Eggleston,1948,1948,0,,HISTADD_lonnie_eggleston
76649,Eddie Ehlers,1947,1948,0,,HISTADD_bulbs_ehlers
378,Craig Ehlo,1983,1996,0,,craig_ehlo
76651,Dick Eichhorst,1961,1961,0,,HISTADD_dick_eichhorst
458,Howard Eisley,1994,2005,0,,howard_eisley
1643544,Zuby Ejiofor,2026,2026,0,,zuby_ejiofor
1918,Obinna Ekezie,1999,2004,0,,obinna_ekezie
2064,Khalid El-Amin,2000,2002,0,,khalid_el-amin
76653,Don Eliason,1946,1946,0,,HISTADD_don_eliason
53,Mario Elie,1990,2000,0,,mario_elie
1629604,CJ Elleby,2020,2021,0,,cj_elleby
76655,Ray Ellefson,1948,1950,0,,HISTADD_ray_ellefson
1627740,Henry Ellenson,2016,2020,0,,henry_ellenson
201961,Wayne Ellington,2009,2021,0,,wayne_ellington
76656,Bob Elliott,1978,1980,0,,HISTADD_bob_elliott
251,Sean Elliott,1989,2000,0,,sean_elliott
76658,Alexander Ellis,1958,1959,0,,HISTADD_boo_ellis
76664,Bo Ellis,1977,1979,0,,HISTADD_bo_ellis
107,Dale Ellis,1983,1999,0,,dale_ellis
1677,Harold Ellis,1993,1997,0,,harold_ellis
76661,Joe Ellis,1966,1973,0,,HISTADD_joe_ellis
1631165,Keon Ellis,2022,2026,1,SAC,keon_ellis
111,LaPhonso Ellis,1992,2002,0,,laphonso_ellis
1034,LeRon Ellis,1991,1995,0,,leron_ellis
76663,Leroy Ellis,1962,1975,0,,HISTADD_leroy_ellis
101145,Monta Ellis,2005,2016,0,,monta_ellis
442,Pervis Ellison,1989,2000,0,,pervis_ellison
600010,Len Elmore,1976,1983,0,,HISTADD_len_elmore
1922,Francisco Elson,2003,2011,0,,francisco_elson
76667,Darrell Elston,1976,1976,0,,HISTADD_darrell_elston
2408,Melvin Ely,2002,2013,0,,melvin_ely
203954,Joel Embiid,2014,2026,1,PHI,joel_embiid
76668,Wayne Embry,1958,1968,0,,HISTADD_wayne_embry
2765,Andre Emmett,2004,2011,0,,andre_emmett
1642400,Tristan Enaruna,2025,2026,0,,tristan_enaruna
76669,Ned Endress,1946,1946,0,,HISTADD_ned_endress
76670,Chris Engler,1982,1987,0,,HISTADD_chris_engler
76671,Wayne Englestad,1988,1988,0,,HISTADD_wayne_englestad
76672,A.J. English,1990,1991,0,,HISTADD_aj_english
76673,Alex English,1976,1990,0,,HISTADD_alex_english
76674,Claude English,1970,1970,0,,HISTADD_claude_english
76676,Jojo English,1992,1994,0,,HISTADD_jo_jo_english
203119,Kim English,2012,2012,0,,kim_english
76675,Scott English,1972,1972,0,,HISTADD_scott_english
76677,Gene Englund,1949,1949,0,,HISTADD_gene_englund
203898,Tyler Ennis,2014,2017,0,,tyler_ennis
203516,James Ennis III,2014,2021,0,,james_ennis_iii
76678,Ray Epps,1978,1978,0,,HISTADD_ray_epps
201623,Semih Erden,2010,2011,0,,semih_erden
76679,Bo Erias,1957,1957,0,,HISTADD_bo_erias
76680,Keith Erickson,1965,1976,0,,HISTADD_keith_erickson
76681,Julius Erving,1976,1986,0,,HISTADD_julius_erving
1915,Evan Eschmeyer,1999,2003,0,,evan_eschmeyer
76682,Jack Eskridge,1948,1948,0,,HISTADD_jack_eskridge
76683,Vincenzo Esposito,1995,1995,0,,HISTADD_vincenzo_esposito
1642855,Noa Essengue,2025,2026,0,,tmp_noa_essengue
1630623,Tyson Etienne,2024,2026,0,,tyson_etienne
1629234,Drew Eubanks,2018,2026,1,PHX,drew_eubanks
76687,Bob Evans,1949,1949,0,,HISTADD_bob_evans
967,Brian Evans,1996,1998,0,,brian_evans
76685,Earl Evans,1979,1979,0,,HISTADD_earl_evans
1642912,Isaiah Evans,2026,2026,0,,tmp_isaiah_evans
1628980,Jacob Evans,2018,2019,0,,jacob_evans
1628393,Jawun Evans,2017,2018,0,,jawun_evans
202379,Jeremy Evans,2010,2017,0,,jeremy_evans
2230,Maurice Evans,2001,2011,0,,maurice_evans
76686,Mike Evans,1979,1987,0,,HISTADD_mike_evans
2501,Reggie Evans,2002,2014,0,,reggie_evans
201936,Tyreke Evans,2009,2018,0,,tyreke_evans
1641787,Tosan Evbuomwan,2023,2026,1,DET,tosan_evbuomwan
101137,Daniel Ewing,2005,2006,0,,daniel_ewing
121,Patrick Ewing,1985,2001,0,,patrick_ewing
201607,Patrick Ewing,2010,2010,0,,patrick_ewing
203957,Dante Exum,2014,2024,1,DAL,dante_exum
201963,Christian Eyenga,2010,2011,0,,christian_eyenga
203105,Festus Ezeli,2012,2016,0,,festus_ezeli
76689,Johnny Ezersky,1947,1949,0,,HISTADD_johnny_ezersky
76690,Joe Fabel,1946,1946,0,,HISTADD_joe_fabel
76691,John Fairchild,1965,1965,0,,HISTADD_john_fairchild
1629605,Tacko Fall,2019,2021,0,,tacko_fall
76692,Phil Farbman,1948,1948,0,,HISTADD_phil_farbman
202702,Kenneth Faried,2011,2018,0,,kenneth_faried
76693,Dick Farley,1954,1958,0,,HISTADD_dick_farley
200770,Jordan Farmar,2006,2016,0,,jordan_farmar
2824,Desmon Farmer,2006,2008,0,,desmon_farmer
76695,Jim Farmer,1987,1993,0,,HISTADD_jim_farmer
76694,Mike Farmer,1958,1965,0,,HISTADD_mike_farmer
1108,Tony Farmer,1997,1999,0,,tony_farmer
76696,Bob Faught,1946,1946,0,,HISTADD_bob_faught
203543,Vitor Faverani,2013,2013,0,,vitor_faverani
202324,Derrick Favors,2010,2021,0,,derrick_favors
201174,Nick Fazekas,2007,2007,0,,nick_fazekas
1642847,Jeremiah Fears,2025,2026,0,,jeremiah_fears
76697,Dave Fedor,1962,1962,0,,HISTADD_dave_fedor
76698,Bob Feerick,1946,1949,0,,HISTADD_bob_feerick
76699,Butch Feher,1976,1976,0,,HISTADD_butch_feher
994,Jamie Feick,1996,2002,0,,jamie_feick
76701,Ron Feiereisel,1955,1955,0,,HISTADD_ron_feiereisel
76702,George Feigenbaum,1949,1952,0,,HISTADD_george_feigenbaum
76703,Dave Feitl,1986,1991,0,,HISTADD_dave_feitl
1627770,Kay Felder,2016,2017,0,,kay_felder
1626245,Cristiano Felicio,2015,2020,0,,cristiano_felicio
203467,Carrick Felix,2013,2013,0,,carrick_felix
101230,Noel Felix,2005,2005,0,,noel_felix
76704,Ray Felix,1953,1961,0,,HISTADD_ray_felix
101109,Raymond Felton,2005,2018,0,,raymond_felton
76705,Jake Fendley,1951,1952,0,,HISTADD_jake_fendley
76706,Bill Fenley,1946,1946,0,,HISTADD_bill_fenley
2724,Desmond Ferguson,2003,2003,0,,desmond_ferguson
1628390,Terrance Ferguson,2017,2020,0,,terrance_ferguson
201164,Rudy Fernandez,2008,2011,0,,rudy_fernandez
1628981,Bruno Fernando,2019,2024,1,ATL,bruno_fernando
76707,Eric Fernsten,1975,1983,0,,HISTADD_eric_fernsten
76708,Al Ferrari,1955,1962,0,,HISTADD_al_ferrari
76709,Rolando Ferreira,1988,1988,0,,HISTADD_rolando_ferreira
273,Duane Ferrell,1988,1998,0,,duane_ferrell
1627812,Yogi Ferrell,2016,2020,0,,yogi_ferrell
76711,Arnie Ferrin,1948,1950,0,,HISTADD_arnie_ferrin
76712,Bob Ferry,1959,1968,0,,HISTADD_bob_ferry
198,Danny Ferry,1990,2002,0,,danny_ferry
201178,Kyrylo Fesenko,2007,2011,0,,kyrylo_fesenko
76713,Kenny Fields,1984,1987,0,,HISTADD_kenny_fields
202361,Landry Fields,2010,2014,0,,landry_fields
76714,Ron Filipek,1967,1967,0,,HISTADD_ron_filipek
1642271,Kyle Filipowski,2024,2026,0,,kyle_filipowski
76715,Greg Fillmore,1970,1971,0,,HISTADD_greg_fillmore
76716,Hank Finkel,1966,1974,0,,HISTADD_hank_finkel
714,Michael Finley,1995,2009,0,,michael_finley
76717,Danny Finn,1952,1954,0,,HISTADD_danny_finn
1627827,Dorian Finney-Smith,2016,2026,1,BKN,dorian_finney-smith
900,Matt Fish,1994,1996,0,,matt_fish
965,Derek Fisher,1996,2013,0,,derek_fisher
2809,Gerald Fitch,2005,2005,0,,gerald_fitch
1630238,Malik Fitts,2020,2021,0,,malik_fitts
76720,Bob Fitzgerald,1946,1948,0,,HISTADD_bob_fitzgerald
76719,Dick Fitzgerald,1946,1947,0,,HISTADD_dick_fitzgerald
2033,Marcus Fizer,2000,2005,0,,marcus_fizer
1642843,Cooper Flagg,2025,2026,0,,tmp_cooper_flagg
1641745,Adam Flagler,2023,2024,1,OKC,adam_flagler
76721,Jerry Fleishman,1946,1952,0,,HISTADD_jerry_fleishman
76722,Al Fleming,1977,1977,0,,HISTADD_al_fleming
76723,Ed Fleming,1955,1959,0,,HISTADD_ed_fleming
1642853,Rasheer Fleming,2025,2026,0,,rasheer_fleming
313,Vern Fleming,1984,1995,0,,vern_fleming
1643412,Kingston Flemings,2026,2026,0,,kingston_flemings
2784,Luis Flores,2004,2004,0,,luis_flores
76725,Bruce Flowers,1982,1982,0,,HISTADD_bruce_flowers
1642280,Trentyn Flowers,2024,2025,0,,trentyn_flowers
76726,Sleepy Floyd,1982,1994,0,,HISTADD_sleepy_floyd
201938,Jonny Flynn,2009,2011,0,,jonny_flynn
1630201,Malachi Flynn,2020,2024,1,DET,malachi_flynn
76727,Mike Flynn,1976,1977,0,,HISTADD_mike_flynn
76728,Larry Fogle,1975,1975,0,,HISTADD_larry_fogle
76729,Jack Foley,1962,1962,0,,HISTADD_jack_foley
1829,Ike Fontaine,2001,2001,0,,ike_fontaine
76731,Levi Fontaine,1970,1970,0,,HISTADD_levi_fontaine
1631323,Simone Fontecchio,2022,2026,1,DET,simone_fontecchio
202880,Jeff Foote,2011,2011,0,,jeff_foote
1627854,Bryn Forbes,2016,2022,0,,bryn_forbes
201814,Gary Forbes,2010,2011,0,,gary_forbes
1630758,Aleem Ford,2021,2021,0,,aleem_ford
76732,Alphonso Ford,1993,1994,0,,HISTADD_alphonso_ford
2228,Alton Ford,2001,2003,0,,alton_ford
76733,Chris Ford,1972,1981,0,,HISTADD_chris_ford
76734,Don Ford,1975,1981,0,,HISTADD_don_ford
76735,Jake Ford,1970,1971,0,,HISTADD_jake_ford
1630259,Jordan Ford,2023,2023,1,SAC,jordan_ford
76736,Phil Ford,1978,1984,0,,HISTADD_phil_ford
101213,Sharrod Ford,2005,2005,0,,sharrod_ford
726,Sherell Ford,1995,1995,0,,sherell_ford
2551,T.J. Ford,2003,2011,0,,t.j._ford
76738,Donnie Forman,1948,1948,0,,HISTADD_donnie_forman
76739,Bayard Forrest,1977,1978,0,,HISTADD_bayard_forrest
1630235,Trent Forrest,2020,2023,1,ATL,trent_forrest
2218,Joseph Forte,2001,2002,0,,joseph_forte
202622,Courtney Fortson,2011,2011,0,,courtney_fortson
1504,Danny Fortson,1997,2006,0,,danny_fortson
76740,Fred Foster,1968,1976,0,,HISTADD_fred_foster
323,Greg Foster,1990,2002,0,,greg_foster
1902,Jeff Foster,1999,2011,0,,jeff_foster
76742,Rod Foster,1983,1985,0,,HISTADD_rod_foster
1630701,Michael Foster Jr.,2022,2022,0,,michael_foster_jr
2238,Antonis Fotsis,2001,2001,0,,antonis_fotsis
203095,Evan Fournier,2012,2023,1,DET,evan_fournier
76744,Larry Foust,1950,1961,0,,HISTADD_larry_foust
76745,Jerry Fowler,1951,1951,0,,HISTADD_jerry_fowler
1762,Tremaine Fowlkes,2001,2004,0,,tremaine_fowlkes
1628368,De'Aaron Fox,2017,2026,1,SAC,de'aaron_fox
76746,Harold Fox,1972,1972,0,,HISTADD_harold_fox
76747,Jim Fox,1967,1976,0,,HISTADD_jim_fox
296,Rick Fox,1991,2003,0,,rick_fox
200751,Randy Foye,2006,2016,0,,randy_foye
1502,Adonal Foyle,1997,2009,0,,adonal_foyle
2499,Richie Frahm,2002,2007,0,,richie_frahm
1883,Steve Francis,1999,2007,0,,steve_francis
76748,Tellis Frank,1987,1993,0,,HISTADD_tellis_frank
76749,Nat Frankel,1946,1946,0,,HISTADD_nat_frankel
203479,Jamaal Franklin,2013,2014,0,,jamaal_franklin
1629606,Robert Franks,2020,2020,0,,robert_franks
204025,Tim Frazier,2014,2021,0,,tim_frazier
76750,Walt Frazier,1967,1979,0,,HISTADD_walt_frazier
76751,Will Frazier,1965,1965,0,,HISTADD_will_frazier
1626187,Michael Frazier II,2018,2019,0,,michael_frazier
1628982,Melvin Frazier Jr.,2018,2021,0,,melvin_frazier_jr
76752,Anthony Frederick,1988,1991,0,,HISTADD_anthony_frederick
202690,Jimmer Fredette,2011,2018,0,,jimmer_fredette
76753,World Free,1975,1987,0,,HISTADD_world_b_free
202683,Enes Freedom,2011,2021,0,,enes_freedom
200777,Joel Freeland,2012,2014,0,,joel_freeland
76754,Donnie Freeman,1975,1975,0,,HISTADD_donnie_freeman
1642402,Enrique Freeman,2024,2026,0,,enrique_freeman
76755,Gary Freeman,1970,1970,0,,HISTADD_gary_freeman
76756,Rod Freeman,1973,1973,0,,HISTADD_rod_freeman
1631241,Javon Freeman-Liberty,2023,2023,1,TOR,javon_freeman-liberty
2782,Matt Freije,2004,2006,0,,matt_freije
76757,Frido Frey,1946,1946,0,,HISTADD_frido_frey
76758,Larry Friend,1957,1957,0,,HISTADD_larry_friend
76759,Pat Frink,1968,1968,0,,HISTADD_pat_frink
76760,Jim Fritsche,1953,1954,0,,HISTADD_jim_fritsche
101112,Channing Frye,2005,2018,0,,channing_frye
76761,Bernie Fryer,1973,1974,0,,HISTADD_bernie_fryer
76762,Frank Fucarino,1946,1946,0,,HISTADD_frank_fucarino
1641788,Alex Fudge,2023,2023,1,DAL,alex_fudge
76763,Herm Fuetsch,1947,1947,0,,HISTADD_dutch_fuetsch
76764,Joe Fulks,1946,1953,0,,HISTADD_joe_fulks
2673,Hiram Fuller,2003,2003,0,,hiram_fuller
957,Todd Fuller,1996,2000,0,,todd_fuller
76765,Tony Fuller,1980,1980,0,,HISTADD_tony_fuller
1628365,Markelle Fultz,2017,2025,1,ORL,markelle_fultz
1444,Lawrence Funderburke,1997,2004,0,,lawrence_funderburke
1641847,Andrew Funk,2023,2023,1,CHI,andrew_funk
76767,Terry Furlow,1976,1979,0,,HISTADD_terry_furlow
1642277,Johnny Furphy,2024,2026,0,,johnny_furphy
76768,Billy Gabor,1949,1954,0,,HISTADD_billy_gabor
1629117,Wenyen Gabriel,2018,2023,0,,wenyen_gabriel
2429,Dan Gadzuric,2002,2011,0,,dan_gadzuric
202070,Tony Gaffney,2009,2009,0,,tony_gaffney
1629655,Daniel Gafford,2019,2026,1,DAL,daniel_gafford
101184,Deng Gai,2005,2005,0,,deng_gai
76769,Elmer R. Gainer,1947,1949,0,,HISTADD_elmer_gainer
76770,Corey Gaines,1988,1994,0,,HISTADD_corey_gaines
2558,Reece Gaines,2003,2005,0,,reece_gaines
202178,Sundiata Gaines,2009,2011,0,,sundiata_gaines
76771,Mike Gale,1976,1981,0,,HISTADD_mike_gale
76772,Chad Gallagher,1993,1993,0,,HISTADD_chad_gallagher
76773,Harry Gallatin,1948,1957,0,,HISTADD_harry_gallatin
201568,Danilo Gallinari,2008,2023,1,MIL,danilo_gallinari
1641945,Jaylin Galloway,2023,2023,1,MIL,jaylin_galloway
204038,Langston Galloway,2014,2021,0,,langston_galloway
76774,Dave Gambee,1958,1969,0,,HISTADD_dave_gambee
333,Kevin Gamble,1987,1996,0,,kevin_gamble
76776,Bob Gantt,1946,1946,0,,HISTADD_bob_gantt
200816,Jorge Garbajosa,2006,2007,0,,jorge_garbajosa
2092,Ruben Garces,2000,2000,0,,ruben_garces
2682,Alex Garcia,2003,2004,0,,alex_garcia
1643158,Andersson Garcia,2025,2025,0,,andersson_garcia
101128,Francisco Garcia,2005,2014,0,,francisco_garcia
76778,Earl Gardner,1948,1948,0,,HISTADD_red_gardner
1642066,Myron Gardner,2025,2026,0,,myron_gardner
201242,Thomas Gardner,2007,2008,0,,thomas_gardner
76779,Vern Gardner,1949,1951,0,,HISTADD_vern_gardner
76780,Jack Garfinkel,1946,1948,0,,HISTADD_dutch_garfinkel
1627868,Patricio Garino,2016,2016,0,,patricio_garino
1629636,Darius Garland,2019,2026,1,CLE,darius_garland
76781,Gary Garland,1979,1979,0,,HISTADD_gary_garland
76782,Winston Garland,1987,1994,0,,HISTADD_winston_garland
76783,Dick Garmaker,1955,1960,0,,HISTADD_dick_garmaker
1612,Chris Garner,1997,2000,0,,chris_garner
76785,Bill Garnett,1982,1985,0,,HISTADD_bill_garnett
708,Kevin Garnett,1995,2015,0,,kevin_garnett
1831,Marlon Garnett,1998,1998,0,,marlon_garnett
1628656,Billy Garrett,2018,2018,0,,billy_garrett
76786,Calvin Garrett,1980,1983,0,,HISTADD_calvin_garrett
1051,Dean Garrett,1996,2001,0,,dean_garrett
203197,Diante Garrett,2012,2013,0,,diante_garrett
76788,Eldo Garrett,1969,1973,0,,HISTADD_dick_garrett
1630585,Marcus Garrett,2021,2024,0,,marcus_garrett
76789,Rowland Garrett,1972,1976,0,,HISTADD_rowland_garrett
76790,Tom Garrick,1988,1991,0,,HISTADD_tom_garrick
76791,John Garris,1983,1983,0,,HISTADD_john_garris
1619,Kiwane Garris,1997,2002,0,,kiwane_garris
1727,Pat Garrity,1998,2007,0,,pat_garrity
1630586,Usman Garuba,2021,2023,1,GSW,usman_garuba
76793,Jim Garvin,1973,1973,0,,HISTADD_jim_garvin
1630568,Luka Garza,2021,2026,1,MIN,luka_garza
201188,Marc Gasol,2008,2020,0,,marc_gasol
2200,Pau Gasol,2001,2018,0,,pau_gasol
76794,Frank Gates,1949,1949,0,,HISTADD_needle_gates
1629232,Kaiser Gates,2023,2023,0,,kaiser_gates
423,Chris Gatling,1991,2001,0,,chris_gatling
930,Kenny Gattison,1986,1995,0,,kenny_gattison
200752,Rudy Gay,2006,2022,0,,rudy_gay
76797,Ed Gayda,1950,1950,0,,HISTADD_ed_gayda
1845,Andrew Gaze,1993,1998,0,,andrew_gaze
1627771,Michael Gbinije,2016,2016,0,,michael_gbinije
1002,Reggie Geary,1996,1997,0,,reggie_geary
202087,Alonzo Gee,2009,2016,0,,alonzo_gee
761,Matt Geiger,1992,2001,0,,matt_geiger
101153,Mickael Gelabale,2006,2012,0,,mickael_gelabale
1904,Devean George,1999,2009,0,,devean_george
76800,Jack George,1953,1960,0,,HISTADD_jack_george
1641718,Keyonte George,2023,2026,1,UTA,keyonte_george
1642273,Kyshawn George,2024,2026,0,,kyshawn_george
202331,Paul George,2010,2026,1,LAC,paul_george
76801,Tate George,1990,1994,0,,HISTADD_tate_george
1627875,Marcus Georges-Hunt,2016,2017,0,,marcus_georges-hunt
76802,Gus Gerard,1976,1980,0,,HISTADD_gus_gerard
76803,Derrick Gervin,1989,1990,0,,HISTADD_derrick_gervin
76804,George Gervin,1976,1985,0,,HISTADD_george_gervin
76805,Gorham Getchell,1946,1946,0,,HISTADD_gorham_getchell
76806,John Gianelli,1972,1979,0,,HISTADD_john_gianelli
76807,Dick Gibbs,1971,1975,0,,HISTADD_dick_gibbs
200789,Daniel Gibson,2006,2012,0,,daniel_gibson
76808,Dee Gibson,1949,1949,0,,HISTADD_gibby_gibson
1626780,Jonathan Gibson,2016,2018,0,,jonathan_gibson
76809,Mel Gibson,1963,1963,0,,HISTADD_mel_gibson
76810,Mike Gibson,1983,1985,0,,HISTADD_mike_gibson
201959,Taj Gibson,2009,2026,1,DET,taj_gibson
76811,Ward Gibson,1949,1949,0,,HISTADD_hoot_gibson
201592,J.R. Giddens,2008,2009,0,,j.r._giddens
1630581,Josh Giddey,2021,2026,1,OKC,josh_giddey
1642933,Keshon Gilbert,2025,2026,0,,keshon_gilbert
201821,Trey Gilder,2009,2009,0,,trey_gilder
1628385,Harry Giles III,2017,2023,1,LAL,harry_giles
1628983,Shai Gilgeous-Alexander,2018,2026,1,OKC,shai_gilgeous-alexander
1630264,Anthony Gill,2020,2026,1,WAS,anthony_gill
2109,Eddie Gill,2000,2008,0,,eddie_gill
383,Kendall Gill,1990,2004,0,,kendall_gill
76812,Ben Gillery,1988,1988,0,,HISTADD_ben_gillery
1631221,Collin Gillespie,2022,2026,1,DEN,collin_gillespie
1630273,Freddie Gillespie,2020,2021,0,,freddie_gillespie
1643551,Ja'Kobi Gillespie,2026,2026,0,,jakobi_gillespie
76813,Gene Gillette,1946,1946,0,,HISTADD_gene_gillette
288,Armen Gilliam,1987,1999,0,,armen_gilliam
76815,Herm Gilliam,1969,1976,0,,HISTADD_herm_gilliam
600014,Artis Gilmore,1976,1987,0,,HISTADD_artis_gilmore
76817,Walt Gilmore,1970,1970,0,,HISTADD_walt_gilmore
76818,Chuck Gilmur,1946,1950,0,,HISTADD_chuck_gilmur
1631367,Jacob Gilyard,2022,2023,1,BKN,jacob_gilyard
1938,Manu Ginobili,2002,2017,0,,manu_ginobili
1921,Gordan Giricek,2002,2007,0,,gordan_giricek
76819,Jack Givens,1978,1979,0,,HISTADD_goose_givens
202148,Mickell Gladness,2011,2011,0,,mickell_gladness
76820,George Glamack,1948,1948,0,,HISTADD_blindbomber_glamack
76821,Gerald Glass,1990,1995,0,,HISTADD_gerald_glass
76822,Mike Glenn,1977,1986,0,,HISTADD_mike_glenn
76823,Norman Glick,1949,1949,0,,HISTADD_normie_glick
76824,Georgi Glouchkov,1985,1985,0,,HISTADD_georgi_glouchkov
76825,Clarence Glover,1971,1971,0,,HISTADD_clarence_glover
1901,Dion Glover,1999,2004,0,,dion_glover
2601,Andreas Glyniadakis,2006,2006,0,,andreas_glyniadakis
76826,Mike Gminski,1980,1993,0,,HISTADD_mike_gminski
203497,Rudy Gobert,2013,2026,1,MIN,rudy_gobert
76827,Dan Godfread,1990,1991,0,,HISTADD_dan_godfread
76828,Tom Gola,1955,1965,0,,HISTADD_tom_gola
76829,Ben Goldfaden,1946,1946,0,,HISTADD_ben_goldfaden
1642884,Vladislav Goldin,2025,2026,0,,vladislav_goldin
924,Anthony Goldwire,1995,2005,0,,anthony_goldwire
101155,Ryan Gomes,2005,2013,0,,ryan_gomes
76830,Glen Gondrezick,1977,1982,0,,HISTADD_glen_gondrezick
76831,Grant Gondrezick,1986,1988,0,,HISTADD_grant_gondrezick
1642864,Hugo González,2025,2026,0,,hugo_gonzález
2400,Drew Gooden,2002,2015,0,,drew_gooden
76832,Gail Goodrich,1965,1978,0,,HISTADD_gail_goodrich
1864,Steve Goodrich,2000,2002,0,,steve_goodrich
203462,Archie Goodwin,2013,2016,0,,archie_goodwin
1629164,Brandon Goodwin,2018,2021,0,,brandon_goodwin
1630692,Jordan Goodwin,2021,2026,1,MEM,jordan_goodwin
76833,Wilfred Goodwin,1946,1947,0,,HISTADD_pop_goodwin
203932,Aaron Gordon,2014,2026,1,DEN,aaron_gordon
2732,Ben Gordon,2004,2014,0,,ben_gordon
204079,Drew Gordon,2014,2014,0,,drew_gordon
201569,Eric Gordon,2008,2025,1,PHX,eric_gordon
76834,Lancaster Gordon,1984,1987,0,,HISTADD_lancaster_gordon
76835,Paul Gordon,1949,1949,0,,HISTADD_paul_gordon
101162,Marcin Gortat,2007,2018,0,,marcin_gortat
1641789,Jazian Gortman,2024,2024,0,,jazian_gortman
76836,Leo Gottlieb,1946,1947,0,,HISTADD_ace_gottlieb
202726,Andrew Goudelock,2011,2015,0,,andrew_goudelock
76837,Bato Govedarica,1953,1953,0,,HISTADD_bato_govedarica
76838,Joe Graboski,1948,1961,0,,HISTADD_grabbo_graboski
76839,Ricky Grace,1993,1993,0,,HISTADD_ricky_grace
1628984,Devonte' Graham,2018,2023,1,SAS,devonte_graham
37,Greg Graham,1993,1997,0,,greg_graham
101121,Joey Graham,2005,2010,0,,joey_graham
76843,Mal Graham,1967,1968,0,,HISTADD_mal_graham
76841,Orlando Graham,1988,1988,0,,HISTADD_orlando_graham
76842,Paul Graham,1991,1993,0,,HISTADD_paul_graham
101211,Stephen Graham,2005,2010,0,,stephen_graham
1626203,Treveon Graham,2016,2019,0,,treveon_graham
76844,Jim Grandholm,1990,1990,0,,HISTADD_jim_grandholm
97,Ronnie Grandison,1988,1995,0,,ronnie_grandison
101122,Danny Granger,2005,2014,0,,danny_granger
76847,Stewart Granger,1983,1986,0,,HISTADD_stewart_granger
258,Brian Grant,1994,2005,0,,brian_grant
76850,Bud Grant,1949,1950,0,,HISTADD_bud_grant
202,Gary Grant,1988,2000,0,,gary_grant
285,Greg Grant,1989,1995,0,,greg_grant
265,Harvey Grant,1988,1998,0,,harvey_grant
270,Horace Grant,1987,2003,0,,horace_grant
203924,Jerami Grant,2014,2026,1,POR,jerami_grant
1626170,Jerian Grant,2015,2019,0,,jerian_grant
76852,Josh Grant,1993,1993,0,,HISTADD_josh_grant
1514,Paul Grant,1998,2003,0,,paul_grant
76853,Travis Grant,1972,1973,0,,HISTADD_machinegun_grant
1629055,Donte Grantham,2018,2018,0,,donte_grantham
76854,Don Grate,1949,1949,0,,HISTADD_buckeye_grate
1643512,Allen Graves,2026,2026,0,,allen_graves
76855,Butch Graves,1984,1984,0,,HISTADD_butch_graves
1629755,Hassani Gravett,2021,2021,0,,hassani_gravett
201189,Aaron Gray,2007,2013,0,,aaron_gray
1070,Devin Gray,1996,1999,0,,devin_gray
1516,Ed Gray,1997,1998,0,,ed_gray
1026,Evric Gray,1996,1996,0,,evric_gray
76859,Gary Gray,1967,1967,0,,HISTADD_gary_gray
1643060,Hayden Gray,2025,2026,0,,hayden_gray
1627982,Josh Gray,2017,2019,0,,josh_gray
76860,Leonard Gray,1974,1976,0,,HISTADD_leonard_gray
1630564,RaiQuan Gray,2022,2023,1,SAS,raiquan_gray
76861,Stuart Gray,1984,1990,0,,HISTADD_stuart_gray
76862,Sylvester Gray,1988,1988,0,,HISTADD_sylvester_gray
76863,Wyndol Gray,1946,1947,0,,HISTADD_wyndol_gray
81,Jeff Grayer,1988,1997,0,,jeff_grayer
76865,Bob Greacen,1969,1970,0,,HISTADD_bob_greacen
920,A.C. Green,1985,2000,0,,a.c._green
1631260,AJ Green,2022,2026,1,MIL,aj_green
201980,Danny Green,2009,2023,0,,danny_green
101209,Devin Green,2005,2005,0,,devin_green
203110,Draymond Green,2012,2026,1,GSW,draymond_green
203475,Erick Green,2014,2015,0,,erick_green
101123,Gerald Green,2005,2018,0,,gerald_green
203210,JaMychal Green,2014,2022,0,,jamychal_green
1630224,Jalen Green,2021,2026,1,HOU,jalen_green
1629750,Javonte Green,2019,2026,1,CHI,javonte_green
201145,Jeff Green,2007,2026,1,HOU,jeff_green
76867,Johnny Green,1959,1972,0,,HISTADD_johnny_green
1630182,Josh Green,2020,2026,1,DAL,josh_green
76868,Ken Green,1985,1985,0,,HISTADD_ken_green
76869,Kenny Green,1985,1986,0,,HISTADD_kenny_green
600011,Lamar Green,1969,1974,0,,HISTADD_lamar_green
1036,Litterial Green,1992,1998,0,,litterial_green
76872,Luther Green,1972,1972,0,,HISTADD_luther_green
76873,Mike Green,1976,1979,0,,HISTADD_mike_green
76874,Rickey Green,1977,1991,0,,HISTADD_rickey_green
76875,Sean Green,1991,1993,0,,HISTADD_sean_green
76877,Si Green,1956,1965,0,,HISTADD_si_green
76876,Sidney Green,1983,1992,0,,HISTADD_sidney_green
76878,Steve Green,1976,1978,0,,HISTADD_steve_green
201192,Taurean Green,2007,2007,0,,taurean_green
76879,Tommy Green,1978,1978,0,,HISTADD_tommy_green
2584,Willie Green,2003,2014,0,,willie_green
201590,Donte Greene,2008,2012,0,,donte_greene
101158,Orien Greene,2005,2010,0,,orien_greene
76880,Jerry Greenspan,1963,1964,0,,HISTADD_jerry_greenspan
76881,David Greenwood,1979,1990,0,,HISTADD_david_greenwood
76882,Hal Greer,1958,1972,0,,HISTADD_hal_greer
2696,Lynn Greer,2006,2006,0,,lynn_greer
76883,Gary Gregor,1968,1972,0,,HISTADD_gary_gregor
76884,Claude Gregory,1985,1987,0,,HISTADD_claude_gregory
76885,John Greig,1982,1982,0,,HISTADD_john_greig
76886,Norm Grekin,1953,1953,0,,HISTADD_norm_grekin
76887,Kevin Grevey,1975,1984,0,,HISTADD_kevin_grevey
1631100,AJ Griffin,2022,2023,1,ATL,aj_griffin
1559,Adrian Griffin,1999,2007,0,,adrian_griffin
201933,Blake Griffin,2009,2022,0,,blake_griffin
2204,Eddie Griffin,2001,2006,0,,eddie_griffin
76888,Greg Griffin,1977,1977,0,,HISTADD_greg_griffin
76889,Paul Griffin,1976,1982,0,,HISTADD_paul_griffin
201981,Taylor Griffin,2009,2009,0,,taylor_griffin
76890,Darrell Griffith,1980,1990,0,,HISTADD_darrell_griffith
76891,Chuck Grigsby,1954,1954,0,,HISTADD_chuck_grigsby
1629656,Quentin Grimes,2021,2026,1,DET,quentin_grimes
1575,Derek Grimm,1997,1997,0,,derek_grimm
76893,George Grimshaw,1946,1946,0,,HISTADD_woodie_grimshaw
76894,Dick Groat,1952,1952,0,,HISTADD_dick_groat
76895,Bob Gross,1975,1982,0,,HISTADD_bob_gross
76896,Jerry Grote,1964,1964,0,,HISTADD_jerry_grote
76897,Alex Groza,1949,1950,0,,HISTADD_alex_groza
101219,Anthony Grundy,2005,2005,0,,anthony_grundy
76899,Ernie Grunfeld,1977,1985,0,,HISTADD_ernie_grunfeld
76900,Gene Guarilia,1959,1962,0,,HISTADD_gene_guarilia
76901,Petur Gudmundsson,1981,1988,0,,HISTADD_petur_gudmundsson
1629741,Marko Guduric,2019,2019,0,,marko_guduric
76902,Richie Guerin,1956,1969,0,,HISTADD_richie_guerin
1631338,Mouhamadou Gueye,2023,2026,1,TOR,mouhamadou_gueye
1631243,Mouhamed Gueye,2023,2026,1,ATL,mouhamed_gueye
339,Tom Gugliotta,1992,2004,0,,tom_gugliotta
76903,Andres Guibert,1993,1994,0,,HISTADD_andres_guibert
76904,Jay Guidinger,1992,1993,0,,HISTADD_jay_guidinger
76905,Coulby Gunther,1946,1948,0,,HISTADD_coulby_gunther
76906,Dave Gunther,1962,1962,0,,HISTADD_dave_gunther
76907,Al Guokas,1949,1949,0,,HISTADD_gook_guokas
76908,Matt Guokas,1966,1975,0,,HISTADD_matt_guokas
76909,Matt Guokas,1946,1946,0,,HISTADD_matt_g_guokas
203268,Jorge Gutierrez,2013,2015,0,,jorge_gutierrez
1629657,Kyle Guy,2019,2021,0,,kyle_guy
2062,A.J. Guyton,2000,2002,0,,a.j._guyton
2775,Ha Ha,2004,2005,0,,seung-jin_ha
1629060,Rui Hachimura,2019,2026,1,LAL,rui_hachimura
76910,Rudy Hackett,1976,1976,0,,HISTADD_rudy_hackett
201632,Hamed Haddadi,2008,2012,0,,hamed_haddadi
76911,Scott Haffner,1989,1990,0,,HISTADD_scott_haffner
76912,Cliff Hagan,1956,1965,0,,HISTADD_cliff_hagan
76913,Glenn Hagan,1981,1981,0,,HISTADD_glenn_hagan
1630204,Ashton Hagans,2020,2023,1,POR,ashton_hagans
76914,Bob Hahn,1949,1949,0,,HISTADD_bob_hahn
76915,Al Hairston,1968,1969,0,,HISTADD_al_hairston
76916,Happy Hairston,1964,1974,0,,HISTADD_happy_hairston
76917,Lindsay Hairston,1975,1975,0,,HISTADD_spider_hairston
201612,Malik Hairston,2008,2009,0,,malik_hairston
203798,PJ Hairston,2014,2015,0,,pj_hairston
2409,Marcus Haislip,2002,2009,0,,marcus_haislip
76918,Chuck Halbert,1946,1950,0,,HISTADD_chuck_halbert
76919,Harvey Halbrook,1960,1961,0,,HISTADD_swede_halbrook
76920,Bruce Hale,1948,1950,0,,HISTADD_bruce_hale
917,Jack Haley,1988,1997,0,,jack_haley
1630169,Tyrese Haliburton,2020,2026,1,IND,tyrese_haliburton
76922,Shaler Halimon,1968,1971,0,,HISTADD_shaler_halimon
1628985,Devon Hall,2019,2019,0,,devon_hall
1629743,Donta Hall,2019,2020,0,,donta_hall
1631160,Jordan Hall,2022,2022,0,,jordan_hall
1630221,Josh Hall,2020,2020,0,,josh_hall
200837,Mike Hall,2006,2006,0,,mike_hall
1641790,PJ Hall,2024,2026,0,,pj_hall
1629788,Tyler Hall,2021,2021,0,,tyler_hall
76923,Jeff Halliburton,1971,1972,0,,HISTADD_jeff_halliburton
1032,Darvin Ham,1996,2004,0,,darvin_ham
984,Steve Hamer,1996,1996,0,,steve_hamer
76925,Dale Hamilton,1949,1949,0,,HISTADD_dale_hamilton
1627772,Daniel Hamilton,2017,2018,0,,daniel_hamilton
76926,Dennis Hamilton,1967,1968,0,,HISTADD_dennis_hamilton
202706,Jordan Hamilton,2011,2015,0,,jordan_hamilton
203120,Justin Hamilton,2013,2016,0,,justin_hamilton
76927,Ralph Hamilton,1948,1948,0,,HISTADD_ham_hamilton
1888,Richard Hamilton,1999,2012,0,,richard_hamilton
76928,Roylee Hamilton,1979,1980,0,,HISTADD_roy_hamilton
76929,Steve Hamilton,1958,1959,0,,HISTADD_steve_hamilton
2347,Tang Hamilton,2001,2002,0,,tang_hamilton
676,Thomas Hamilton,1995,2002,0,,thomas_hamilton
1985,Zendon Hamilton,2000,2005,0,,zendon_hamilton
903,Geert Hammink,1993,1995,0,,geert_hammink
67,Tom Hammonds,1989,2000,0,,tom_hammonds
1627773,AJ Hammons,2016,2016,0,,aj_hammons
1630181,R.J. Hampton,2020,2023,0,,rj_hampton
241,Darrin Hancock,1994,1996,0,,darrin_hancock
1052,Ben Handlogten,2003,2004,0,,ben_handlogten
76935,Cecil Hankins,1946,1947,0,,HISTADD_cecil_hankins
76936,Phil Hankinson,1973,1974,0,,HISTADD_phil_hankinson
1628605,Dusty Hannahs,2018,2019,0,,dusty_hannahs
76937,Alex Hannum,1949,1956,0,,HISTADD_alex_hannum
76938,Don Hanrahan,1952,1952,0,,HISTADD_don_hanrahan
76939,Rollen Hans,1953,1954,0,,HISTADD_rolly_hans
203162,Ben Hansbrough,2012,2012,0,,ben_hansbrough
201946,Tyler Hansbrough,2009,2015,0,,tyler_hansbrough
76942,Bob Hansen,1983,1991,0,,HISTADD_bob_hansen
76940,Glenn Hansen,1975,1977,0,,HISTADD_glenn_hansen
76941,Lars Hansen,1978,1978,0,,HISTADD_lars_hansen
2580,Travis Hansen,2003,2003,0,,travis_hansen
1682,Reggie Hanson,1997,1997,0,,reggie_hanson
76944,Bill Hanzlik,1980,1989,0,,HISTADD_bill_hanzlik
202376,Luke Harangody,2010,2011,0,,luke_harangody
358,Anfernee Hardaway,1993,2007,0,,anfernee_hardaway
896,Tim Hardaway,1989,2002,0,,tim_hardaway
203501,Tim Hardaway Jr.,2013,2026,1,DAL,tim_hardaway_jr
201935,James Harden,2009,2026,1,LAC,james_harden
76945,Reggie Harding,1963,1967,0,,HISTADD_reggie_harding
76946,Charlie Hardnett,1962,1964,0,,HISTADD_charlie_hardnett
76947,Alan Hardy,1980,1981,0,,HISTADD_alan_hardy
1630702,Jaden Hardy,2022,2026,1,DAL,jaden_hardy
76948,James Hardy,1978,1981,0,,HISTADD_james_hardy
76949,John Hargis,1949,1950,0,,HISTADD_shotgun_hargis
1641989,Elijah Harkless,2024,2026,0,,elijah_harkless
203090,Maurice Harkless,2012,2021,0,,maurice_harkless
76950,Jerry Harkness,1963,1963,0,,HISTADD_jerry_harkness
76951,Skip Harlicka,1968,1968,0,,HISTADD_skip_harlicka
76952,Jerome Harmon,1994,1994,0,,HISTADD_jerome_harmon
157,Derek Harper,1983,1998,0,,derek_harper
1642844,Dylan Harper,2025,2026,0,,tmp_dylan_harper
1629607,Jared Harper,2019,2021,0,,jared_harper
202712,Justin Harper,2011,2016,0,,justin_harper
76954,Mike Harper,1980,1981,0,,HISTADD_mike_harper
166,Ron Harper,1986,2000,0,,ron_harper
1631199,Ron Harper Jr.,2022,2026,0,,ron_harper_jr
1723,Matt Harpring,1998,2008,0,,matt_harpring
1626149,Montrezl Harrell,2015,2022,0,,montrezl_harrell
202725,Josh Harrellson,2011,2013,0,,josh_harrellson
2492,Adam Harrington,2002,2002,0,,adam_harrington
1733,Al Harrington,1998,2013,0,,al_harrington
2454,Junior Harrington,2002,2006,0,,junior_harrington
970,Othella Harrington,1996,2007,0,,othella_harrington
76956,Art Harris,1968,1971,0,,HISTADD_art_harris
76957,Bernie Harris,1974,1974,0,,HISTADD_bernie_harris
76959,Bob Harris,1949,1953,0,,HISTADD_bob_harris
76958,Chris Harris,1955,1955,0,,HISTADD_chris_harris
2734,Devin Harris,2004,2018,0,,devin_harris
203548,Elias Harris,2013,2013,0,,elias_harris
203914,Gary Harris,2014,2026,1,ORL,gary_harris
1630223,Jalen Harris,2020,2020,0,,jalen_harris
203925,Joe Harris,2014,2023,0,,joe_harris
1630284,Kevon Harris,2022,2023,1,ORL,kevon_harris
446,Lucious Harris,1993,2004,0,,lucious_harris
202412,Manny Harris,2010,2016,0,,manny_harris
200839,Mike Harris,2007,2013,0,,mike_harris
76960,Steve Harris,1985,1989,0,,HISTADD_steve_harris
202227,Terrel Harris,2011,2012,0,,terrel_harris
202699,Tobias Harris,2011,2026,1,PHI,tobias_harris
76961,Tony Harris,1990,1994,0,,HISTADD_tony_harris
1626151,Aaron Harrison,2015,2017,0,,aaron_harrison
1626150,Andrew Harrison,2016,2018,0,,andrew_harrison
76962,Bob Harrison,1949,1957,0,,HISTADD_tiger_harrison
2758,David Harrison,2004,2007,0,,david_harrison
1627885,Shaquille Harrison,2017,2023,0,,shaquille_harrison
2078,Jason Hart,2000,2009,0,,jason_hart
1628404,Josh Hart,2017,2026,1,NYK,josh_hart
1628392,Isaiah Hartenstein,2018,2026,1,NYK,isaiah_hartenstein
176,Antonio Harvey,1993,2002,0,,antonio_harvey
2051,Donnell Harvey,2000,2004,0,,donnell_harvey
202238,Kenny Hasbrouck,2009,2009,0,,kenny_hasbrouck
321,Scott Haskin,1993,1993,0,,scott_haskin
76965,Clem Haskins,1967,1975,0,,HISTADD_thegem_haskins
2617,Udonis Haslem,2003,2022,0,,udonis_haslem
2239,Trenton Hassell,2001,2009,0,,trenton_hassell
76967,Billy Hassett,1949,1950,0,,HISTADD_billy_hassett
76966,Joey Hassett,1977,1982,0,,HISTADD_joey_hassett
76968,Scott Hastings,1982,1992,0,,HISTADD_scott_hastings
2213,Kirk Haston,2001,2002,0,,kirk_haston
76969,Vern Hatton,1958,1961,0,,HISTADD_vern_hatton
1630573,Sam Hauser,2021,2026,1,BOS,sam_hauser
76970,John Havlicek,1962,1977,0,,HISTADD_john_havlicek
201150,Spencer Hawes,2007,2016,0,,spencer_hawes
76971,Steve Hawes,1974,1983,0,,HISTADD_steve_hawes
76972,Connie Hawkins,1969,1975,0,,HISTADD_hawk_hawkins
765,Hersey Hawkins,1988,2000,0,,hersey_hawkins
1641722,Jordan Hawkins,2023,2026,1,NOP,jordan_hawkins
1038,Juaquin Hawkins,2002,2002,0,,juaquin_hawkins
76974,Marshall Hawkins,1949,1949,0,,HISTADD_marshall_hawkins
1138,Michael Hawkins,1996,2000,0,,michael_hawkins
76975,Robert Hawkins,1975,1978,0,,HISTADD_bubbles_hawkins
76977,Tom Hawkins,1959,1968,0,,HISTADD_hawk_j_hawkins
76978,Nate Hawthorne,1973,1975,0,,HISTADD_nate_hawthorne
101236,Chuck Hayes,2005,2015,0,,chuck_hayes
76979,Elvin Hayes,1968,1983,0,,HISTADD_elvin_hayes
2553,Jarvis Hayes,2003,2009,0,,jarvis_hayes
1629637,Jaxson Hayes,2019,2026,1,LAL,jaxson_hayes
1630165,Killian Hayes,2020,2026,0,,killian_hayes
76980,Steve Hayes,1981,1985,0,,HISTADD_steve_hayes
1628502,Nigel Hayes-Davis,2017,2025,0,,nigel_hayes
202330,Gordon Hayward,2010,2023,1,OKC,gordon_hayward
202351,Lazar Hayward,2010,2012,0,,lazar_hayward
2217,Brendan Haywood,2001,2014,0,,brendan_haywood
76981,Spencer Haywood,1970,1982,0,,HISTADD_spencer_haywood
76982,John W. Hazen,1948,1948,0,,HISTADD_john_hazen
76983,Walt Hazzard,1964,1973,0,,HISTADD_walt_hazzard
101129,Luther Head,2005,2010,0,,luther_head
1049,Shane Heal,1996,2003,0,,shane_heal
76984,Brian Heaney,1969,1969,0,,HISTADD_brian_heaney
76985,Garfield Heard,1970,1980,0,,HISTADD_gar_heard
203687,Reggie Hearn,2017,2017,0,,reggie_hearn
76986,Herm Hedderick,1954,1954,0,,HISTADD_herm_hedderick
76987,Alvin Heggs,1995,1995,0,,HISTADD_alvin_heggs
76988,Tom Heinsohn,1956,1964,0,,HISTADD_tom_heinsohn
76989,Dick Hemric,1955,1956,0,,HISTADD_dick_hemric
673,Alan Henderson,1995,2006,0,,alan_henderson
1538,Cedric Henderson,1997,2002,0,,cedric_henderson
76990,Cedric Henderson,1986,1986,0,,HISTADD_cedric_henderson
76991,Dave Henderson,1987,1987,0,,HISTADD_dave_henderson
76993,Gerald Henderson,1979,1991,0,,HISTADD_gerald_henderson
201945,Gerald Henderson,2009,2016,0,,gerald_henderson
1764,J.R. Henderson,1998,1998,0,,j.r._henderson
76992,Jerome Henderson,1985,1986,0,,HISTADD_jerome_henderson
76994,Kevin Henderson,1986,1987,0,,HISTADD_kevin_henderson
1630703,Scoot Henderson,2023,2026,1,POR,scoot_henderson
76996,Tom Henderson,1974,1982,0,,HISTADD_tom_henderson
1641707,Taylor Hendricks,2023,2026,1,UTA,taylor_hendricks
971,Mark Hendrickson,1996,1999,0,,mark_hendrickson
76998,Larry Hennessy,1955,1955,0,,HISTADD_larry_hennessy
76999,Don Henriksen,1952,1954,0,,HISTADD_don_henriksen
1630565,Aaron Henry,2021,2021,0,,aaron_henry
77000,Al Henry,1970,1971,0,,HISTADD_al_henry
77004,Bill Henry,1948,1949,0,,HISTADD_bill_henry
77001,Carl Henry,1985,1985,0,,HISTADD_carl_henry
77002,Conner Henry,1986,1987,0,,HISTADD_conner_henry
1627988,Myke Henry,2017,2017,0,,myke_henry
77003,Skeeter Henry,1993,1993,0,,HISTADD_skeeter_henry
202333,Xavier Henry,2010,2014,0,,xavier_henry
203089,John Henson,2012,2019,0,,john_henson
1667,Steve Henson,1990,1998,0,,steve_henson
1642935,Chucky Hepburn,2025,2026,0,,chucky_hepburn
77006,Bill Herman,1949,1949,0,,HISTADD_bill_herman
77007,Clarence Hermsen,1946,1952,0,,HISTADD_kleggie_hermsen
1629608,Dewan Hernandez,2019,2019,0,,dewan_hernandez
1627823,Juancho Hernangomez,2016,2022,0,,juan_hernangomez
1626195,Willy Hernangomez,2016,2022,0,,willy_hernangomez
1914,Chris Herren,1999,2000,0,,chris_herren
61,Carl Herrera,1991,1998,0,,carl_herrera
200835,Walter Herrmann,2006,2008,0,,walter_herrmann
1629639,Tyler Herro,2019,2026,1,MIA,tyler_herro
77010,Keith Herron,1978,1981,0,,HISTADD_keith_herron
77011,Sidney Hertzberg,1946,1950,0,,HISTADD_sonny_hertzberg
1628987,Kevin Hervey,2019,2019,0,,kevin_hervey
77012,Fred Hetzel,1965,1970,0,,HISTADD_fred_hetzel
77013,Bill Hewitt,1968,1974,0,,HISTADD_bill_hewitt
77014,Jack Hewson,1947,1947,0,,HISTADD_jack_hewson
77015,Art Heyman,1963,1965,0,,HISTADD_art_heyman
1626209,Mario Hezonja,2015,2019,0,,mario_hezonja
201579,Roy Hibbert,2008,2016,0,,roy_hibbert
77016,Matthew Hickey,1947,1947,0,,HISTADD_nat_hickey
1628439,Isaiah Hicks,2017,2018,0,,isaiah_hicks
77017,Phil Hicks,1976,1978,0,,HISTADD_phil_hicks
201581,JJ Hickson,2008,2015,0,,jj_hickson
1627741,Buddy Hield,2016,2026,1,PHI,buddy_hield
202809,Cory Higgins,2011,2012,0,,cory_higgins
1848,Mike Higgins,1989,1990,0,,mike_higgins
77019,Rod Higgins,1982,1994,0,,HISTADD_rod_higgins
925,Sean Higgins,1990,1997,0,,sean_higgins
77021,Kenny Higgs,1978,1981,0,,HISTADD_kenny_higgs
77022,Johnny High,1979,1983,0,,HISTADD_johnny_high
1629312,Haywood Highsmith,2018,2026,1,MIA,haywood_highsmith
77023,Wayne Hightower,1962,1966,0,,HISTADD_wayne_hightower
2403,Nene,2002,2018,0,,nene_hilario
77024,Armond Hill,1976,1983,0,,HISTADD_armond_hill
77025,Cleo Hill,1961,1961,0,,HISTADD_cleo_hill
77026,Gary Hill,1963,1964,0,,HISTADD_gary_hill
201588,George Hill,2008,2022,0,,george_hill
255,Grant Hill,1994,2012,0,,grant_hill
201195,Herbert Hill,2007,2007,0,,herbert_hill
201941,Jordan Hill,2009,2016,0,,jordan_hill
1630792,Malcolm Hill,2021,2023,1,NOP,malcolm_hill
203524,Solomon Hill,2013,2021,0,,solomon_hill
201631,Steven Hill,2008,2008,0,,steven_hill
238,Tyrone Hill,1990,2003,0,,tyrone_hill
77027,Art Hillhouse,1946,1947,0,,HISTADD_art_hillhouse
1626199,Darrun Hilliard,2015,2017,0,,darrun_hilliard
77028,Darnell Hillman,1976,1979,0,,HISTADD_drdunk_hillman
77029,Fred Hilton,1971,1972,0,,HISTADD_fred_hilton
2550,Kirk Hinrich,2003,2015,0,,kirk_hinrich
1642396,Blake Hinson,2025,2026,0,,blake_hinson
77030,Roy Hinson,1983,1990,0,,HISTADD_roy_hinson
1630207,Nate Hinton,2020,2023,1,HOU,nate_hinton
77031,Mel Hirsch,1946,1946,0,,HISTADD_mel_hirsch
77032,Lew Hitch,1951,1956,0,,HISTADD_lew_hitch
200823,Robert Hite,2006,2006,0,,robert_hite
1629658,Jaylen Hoard,2019,2021,0,,jalen_hoard
202359,Darington Hobson,2011,2011,0,,darington_hobson
1641793,D'Moi Hodge,2023,2023,0,,dmoi_hodge
1106,Donald Hodge,1991,1995,0,,donald_hodge
101125,Julius Hodge,2005,2006,0,,julius_hodge
77034,Craig Hodges,1982,1991,0,,HISTADD_craig_hodges
77035,Adolph Hoefer,1946,1947,0,,HISTADD_charlie_hoefer
77036,Paul Hoffman,1947,1954,0,,HISTADD_bear_hoffman
77037,Bob Hogsett,1966,1966,0,,HISTADD_bobby_hogsett
77038,Paul Hogue,1962,1963,0,,HISTADD_duke_hogue
697,Fred Hoiberg,1995,2004,0,,fred_hoiberg
77039,Doug Holcomb,1948,1948,0,,HISTADD_doug_holcomb
2450,Randy Holcomb,2002,2005,0,,randy_holcomb
1628988,Aaron Holiday,2018,2026,1,HOU,aaron_holiday
201950,Jrue Holiday,2009,2026,1,BOS,jrue_holiday
203200,Justin Holiday,2012,2023,1,DEN,justin_holiday
77040,Brad Holland,1979,1981,0,,HISTADD_brad_holland
77041,Joe Holland,1949,1951,0,,HISTADD_joseph_holland
204066,John Holland,2015,2018,0,,john_holland
77042,Wilbur Holland,1975,1978,0,,HISTADD_wilbur_holland
1641842,Ronald Holland II,2024,2026,0,,ronald_holland_ii
77043,Lionel Hollins,1975,1984,0,,HISTADD_lionel_hollins
200797,Ryan Hollins,2006,2015,0,,ryan_hollins
77044,Essie Hollis,1978,1978,0,,HISTADD_essie_hollis
1626178,Rondae Hollis-Jefferson,2015,2020,0,,rondae_hollis-jefferson
1626158,Richaun Holmes,2015,2024,1,WAS,richaun_holmes
1641747,DaRon Holmes II,2024,2026,0,,daron_holmes_ii
1631096,Chet Holmgren,2022,2026,1,OKC,chet_holmgren
77045,Jim Holstein,1952,1955,0,,HISTADD_jim_holstein
77046,Alvin Holt,1970,1970,0,,HISTADD_aw_holt
77047,Michael Holton,1984,1989,0,,HISTADD_mike_holton
77048,Dick Holub,1947,1947,0,,HISTADD_dick_holub
77049,Joe Holup,1956,1958,0,,HISTADD_joe_holup
77050,Red Holzman,1948,1953,0,,HISTADD_red_holzman
1630258,Caleb Homesley,2020,2020,0,,caleb_homesley
1532,Jerald Honeycutt,1997,1998,0,,jerald_honeycutt
202715,Tyler Honeycutt,2011,2012,0,,tyler_honeycutt
1967,Derek Hood,1999,2002,0,,derek_hood
203918,Rodney Hood,2014,2021,0,,rodney_hood
1641720,Jalen Hood-Schifino,2023,2024,1,LAL,jalen_hood-schifino
77051,Tom Hoover,1963,1966,0,,HISTADD_tom_hoover
77052,Bob Hopkins,1956,1959,0,,HISTADD_bob_hopkins
1643624,Bryce Hopkins,2026,2026,0,,bryce_hopkins
77053,Dave Hoppen,1987,1992,0,,HISTADD_dave_hoppen
77054,Dennis Hopson,1987,1991,0,,HISTADD_dennis_hopson
203816,Scotty Hopson,2013,2021,0,,scotty_hopson
77055,Johnny Horan,1955,1955,0,,HISTADD_johnny_horan
77056,Cedrick Hordges,1980,1981,0,,HISTADD_cedrick_hordges
201143,Al Horford,2007,2026,1,BOS,al_horford
77057,Tito Horford,1988,1993,0,,HISTADD_tito_horford
77058,Ron Horn,1961,1962,0,,HISTADD_ron_horn
204,Jeff Hornacek,1986,1999,0,,jeff_hornacek
202862,Dennis Horner,2011,2011,0,,dennis_horner
109,Robert Horry,1992,2007,0,,robert_horry
77060,Ed Horton,1989,1989,0,,HISTADD_ed_horton
1629659,Talen Horton-Tucker,2019,2024,1,UTA,talen_horton-tucker
77061,Wilmer Hosket,1968,1971,0,,HISTADD_bill_hosket
77062,Bob Houbregs,1953,1957,0,,HISTADD_houby_houbregs
2067,Eddie House,2000,2010,0,,eddie_house
1627863,Danuel House Jr.,2016,2023,0,,danuel_house
1631216,Caleb Houstan,2022,2025,1,ORL,caleb_houstan
275,Allan Houston,1993,2004,0,,allan_houston
780,Byron Houston,1992,1995,0,,byron_houston
77064,Tom Hovasse,1994,1994,0,,HISTADD_tom_hovasse
77065,Brian Howard,1991,1992,0,,HISTADD_brian_howard
2730,Dwight Howard,2004,2021,0,,dwight_howard
77066,Greg Howard,1970,1971,0,,HISTADD_stretch_howard
1641724,Jett Howard,2023,2026,1,ORL,jett_howard
2572,Josh Howard,2003,2012,0,,josh_howard
436,Juwan Howard,1994,2012,0,,juwan_howard
1630210,Markus Howard,2020,2021,0,,markus_howard
77067,Mo Howard,1976,1976,0,,HISTADD_mo_howard
77069,Otis Howard,1978,1978,0,,HISTADD_otis_howard
1128,Stephen Howard,1992,1997,0,,stephen_howard
1629739,William Howard,2019,2019,0,,william_howard
77070,Bailey Howell,1959,1970,0,,HISTADD_bailey_howell
77072,Bob Hubbard,1947,1948,0,,HISTADD_bob_hubbard
77071,Phil Hubbard,1979,1988,0,,HISTADD_phil_hubbard
1631309,Trevor Hudgins,2022,2022,0,,trevor_hudgins
201991,Lester Hudson,2009,2014,0,,lester_hudson
77074,Lou Hudson,1966,1978,0,,HISTADD_lou_hudson
1607,Troy Hudson,1997,2007,0,,troy_hudson
1626273,Marcelo Huertas,2015,2016,0,,marcelo_huertas
1628989,Kevin Huerter,2018,2026,1,SAC,kevin_huerter
203962,Josh Huestis,2015,2017,0,,josh_huestis
1630643,Jay Huff,2021,2026,1,DEN,jay_huff
1572,Nate Huffman,2002,2002,0,,nate_huffman
77076,Alfredrick Hughes,1985,1985,0,,HISTADD_alfredrick_hughes
77077,Eddie Hughes,1987,1989,0,,HISTADD_eddie_hughes
1630190,Elijah Hughes,2020,2021,0,,elijah_hughes
77078,Kim Hughes,1976,1980,0,,HISTADD_dupp_kim_hughes
1716,Larry Hughes,1998,2011,0,,larry_hughes
1965,Rick Hughes,1999,1999,0,,rick_hughes
1630574,Ariel Hukporti,2024,2026,0,,ariel_hukporti
203133,Robbie Hummel,2013,2014,0,,robbie_hummel
77080,John Hummer,1970,1975,0,,HISTADD_john_hummer
2415,Ryan Humphrey,2002,2004,0,,ryan_humphrey
1629353,Isaac Humphries,2018,2018,0,,isaac_humphries
77081,Jay Humphries,1984,1994,0,,HISTADD_jay_humphries
2743,Kris Humphries,2004,2016,0,,kris_humphries
77082,Rod Hundley,1957,1962,0,,HISTADD_rod_hundley
1630624,Feron Hunt,2021,2021,0,,feron_hunt
2599,Brandon Hunter,2003,2004,0,,brandon_hunter
77083,Cedric Hunter,1991,1991,0,,HISTADD_cedric_hunter
201805,Chris Hunter,2008,2009,0,,chris_hunter
1629631,De'Andre Hunter,2019,2026,1,ATL,deandre_hunter
77084,Les Hunter,1964,1964,0,,HISTADD_les_hunter
283,Lindsey Hunter,1993,2009,0,,lindsey_hunter
201629,Othello Hunter,2008,2009,0,,othello_hunter
1626154,RJ Hunter,2015,2018,0,,rj_hunter
2212,Steven Hunter,2001,2009,0,,steven_hunter
1626205,Vincent Hunter,2017,2017,0,,vincent_hunter
1643047,CJ Huntley,2025,2026,0,,cj_huntley
310,Bobby Hurley,1993,1997,0,,bobby_hurley
77086,Roy Hurley,1946,1946,0,,HISTADD_roy_hurley
1630562,Matt Hurt,2023,2023,0,,matt_hurt
77087,Geoff Huston,1979,1986,0,,HISTADD_geoff_huston
77088,Paul Huston,1947,1947,0,,HISTADD_shad_huston
77089,Mel Hutchins,1951,1957,0,,HISTADD_mel_hutchins
1628990,Chandler Hutchison,2018,2021,0,,chandler_hutchison
77090,Joe Hutton,1950,1951,0,,HISTADD_joe_hutton
77091,Greg Hyder,1970,1970,0,,HISTADD_greg_hyder
1630538,Bones Hyland,2021,2026,1,LAC,nahshon_hyland
77092,Marc Iavaroni,1982,1988,0,,HISTADD_marc_iavaroni
201586,Serge Ibaka,2009,2022,0,,serge_ibaka
1642345,Oso Ighodaro,2024,2026,0,,oso_ighodaro
2738,Andre Iguodala,2004,2022,0,,andre_iguodala
980,Zydrunas Ilgauskas,1997,2010,0,,zydrunas_ilgauskas
101148,Mile Ilic,2006,2006,0,,mile_ilic
101141,Ersan Ilyasova,2006,2020,0,,ersan_ilyasova
77093,Darrall Imhoff,1960,1971,0,,HISTADD_bigd_imhoff
77094,Tom Ingelsby,1973,1973,0,,HISTADD_tom_ingelsby
204060,Joe Ingles,2014,2026,1,ORL,joe_ingles
203996,Damien Inglis,2014,2015,0,,damien_inglis
201281,Andre Ingram,2017,2018,0,,andre_ingram
1627742,Brandon Ingram,2016,2026,1,NOP,brandon_ingram
1631127,Harrison Ingram,2024,2026,0,,harrison_ingram
77095,Joel Ingram,1957,1957,0,,HISTADD_mccoy_ingram
77096,Byron Irvin,1989,1992,0,,HISTADD_byron_irvin
202681,Kyrie Irving,2011,2026,1,DAL,kyrie_irving
1628371,Jonathan Isaac,2017,2026,1,ORL,jonathan_isaac
1643585,Vsevolod Ishchenko,2026,2026,0,,vsevolod_ishchenko
77097,Dan Issel,1976,1984,0,,HISTADD_dan_issel
77098,Mike Iuzzolino,1991,1992,0,,HISTADD_mike_iuzzolino
947,Allen Iverson,1996,2009,0,,allen_iverson
1631093,Jaden Ivey,2022,2025,1,DET,jaden_ivey
2767,Royal Ivey,2004,2013,0,,royal_ivey
1628411,Wes Iwundu,2017,2021,0,,wes_iwundu
101127,Jarrett Jack,2005,2017,0,,jarrett_jack
1628935,Aaron Jackson,2017,2017,0,,aaron_jackson
77099,Al Jackson,1967,1967,0,,HISTADD_al_jackson
1517,Bobby Jackson,1997,2008,0,,bobby_jackson
202132,Cedric Jackson,2009,2009,0,,cedric_jackson
201616,Darnell Jackson,2008,2010,0,,darnell_jackson
1627743,Demetrius Jackson,2016,2018,0,,demetrius_jackson
1628402,Frank Jackson,2017,2022,0,,frank_jackson
1641713,GG Jackson,2023,2026,1,MEM,gg_jackson
77101,Greg Jackson,1974,1974,0,,HISTADD_greg_jackson
1630543,Isaiah Jackson,2021,2026,1,IND,isaiah_jackson
1114,Jaren Jackson,1989,2001,0,,jaren_jackson
1983,Jermaine Jackson,1999,2005,0,,jermaine_jackson
754,Jim Jackson,1992,2005,0,,jim_jackson
1628367,Josh Jackson,2017,2021,0,,josh_jackson
1628382,Justin Jackson,2017,2023,0,,justin_jackson
77103,Lucious Jackson,1964,1971,0,,HISTADD_dupp_luke_jackson
2739,Luke Jackson,2004,2007,0,,luke_jackson
1531,Marc Jackson,2000,2006,0,,marc_jackson
349,Mark Jackson,1987,2003,0,,mark_jackson
77104,Michael Jackson,1987,1989,0,,HISTADD_michael_jackson
77105,Myron Jackson,1986,1986,0,,HISTADD_myron_jackson
77106,Phil Jackson,1967,1979,0,,HISTADD_action_jackson
203510,Pierre Jackson,2016,2016,0,,pierre_jackson
1631245,Quenton Jackson,2022,2026,1,IND,quenton_jackson
77107,Ralph Jackson,1984,1984,0,,HISTADD_ralph_jackson
1872,Randell Jackson,1998,1999,0,,randell_jackson
202704,Reggie Jackson,2011,2024,1,DEN,reggie_jackson
77109,Stanley Jackson,1993,1993,0,,HISTADD_stanley_jackson
1536,Stephen Jackson,2000,2013,0,,stephen_jackson
77100,Tony Jackson,1980,1980,0,,HISTADD_tony_jackson
77110,Tracy Jackson,1981,1983,0,,HISTADD_tracy_jackson
77111,Wardell Jackson,1974,1974,0,,HISTADD_wardell_jackson
1641748,Andre Jackson Jr.,2023,2026,1,MIL,andre_jackson_jr
1628991,Jaren Jackson Jr.,2018,2026,1,MEM,jaren_jackson_jr
1631218,Trayce Jackson-Davis,2023,2026,1,GSW,trayce_jackson-davis
77112,Winfred Jacobs,1946,1946,0,,HISTADD_fred_jacobs
2418,Casey Jacobsen,2002,2007,0,,casey_jacobsen
1734,Sam Jacobson,1998,2000,0,,sam_jacobson
1642857,Kasparas Jakučionis,2025,2026,0,,kasparas_jakucionis
77114,Dave Jamerson,1990,1993,0,,HISTADD_dave_jamerson
77115,Aaron James,1974,1978,0,,HISTADD_aj_james
203108,Bernard James,2012,2014,0,,bernard_james
1642355,Bronny James,2024,2026,0,,tmp_bronny_james
202345,Damion James,2010,2013,0,,damion_james
77116,Gene James,1948,1950,0,,HISTADD_goose_james
1080,Henry James,1990,1997,0,,henry_james
1744,Jerome James,1998,2008,0,,jerome_james
1629713,Justin James,2019,2020,0,,justin_james
2544,LeBron James,2003,2026,1,LAL,lebron_james
2229,Mike James,2001,2013,0,,mike_james
1628455,Mike James,2017,2020,0,,mike_james
1642883,Sion James,2025,2026,0,,sion_james
1906,Tim James,1999,2002,0,,tim_james
1712,Antawn Jamison,1998,2013,0,,antawn_jamison
1942,Harold Jamison,1999,2002,0,,harold_jamison
77120,John Janisch,1946,1947,0,,HISTADD_john_janisch
77122,Howie Janotta,1949,1949,0,,HISTADD_howie_janotta
1631170,Jaime Jaquez Jr.,2023,2026,1,MIA,jaime_jaquez_jr
2060,Marko Jaric,2002,2008,0,,marko_jaric
77123,Tony Jaros,1946,1950,0,,HISTADD_tony_jaros
1630610,DeJon Jarreau,2021,2025,0,,dejon_jarreau
101180,Sarunas Jasikevicius,2005,2006,0,,sarunas_jasikevicius
201605,Nathan Jawai,2008,2009,0,,nathan_jawai
77125,Buddy Jeannette,1947,1949,0,,HISTADD_buddy_jeannette
77126,Abdul Jeelani,1979,1980,0,,HISTADD_formerlygarycole_jeelani
2423,Chris Jefferies,2002,2003,0,,chris_jefferies
201785,Othyus Jeffers,2009,2013,0,,othyus_jeffers
2744,Al Jefferson,2004,2017,0,,al_jefferson
1628518,Amile Jefferson,2017,2019,0,,amile_jefferson
203928,Cory Jefferson,2014,2015,0,,cory_jefferson
200971,Dontell Jefferson,2008,2008,0,,dontell_jefferson
1643538,Joshua Jefferson,2026,2026,0,,joshua_jefferson
2210,Richard Jefferson,2001,2017,0,,richard_jefferson
1629610,DaQuan Jeffries,2019,2025,1,NYK,daquan_jeffries
2407,Jared Jeffries,2002,2012,0,,jared_jeffries
1641998,Trey Jemison III,2023,2026,1,MEM,trey_jemison
202724,Charles Jenkins,2011,2012,0,,charles_jenkins
1642450,Daniss Jenkins,2024,2026,0,,daniss_jenkins
2798,Horace Jenkins,2004,2004,0,,horace_jenkins
203098,John Jenkins,2012,2018,0,,john_jenkins
201943,Brandon Jennings,2009,2017,0,,brandon_jennings
24,Keith Jennings,1992,1994,0,,keith_jennings
1137,Chris Jent,1993,1996,0,,chris_jent
77129,Les Jepsen,1990,1991,0,,HISTADD_les_jepsen
201973,Jonas Jerebko,2009,2018,0,,jonas_jerebko
1629660,Ty Jerome,2019,2026,1,CLE,ty_jerome
201998,Curtis Jerrells,2009,2009,0,,curtis_jerrells
203511,Grant Jerrett,2013,2014,0,,grant_jerrett
200817,Pooh Jeter,2010,2010,0,,pooh_jeter
1630198,Isaiah Joe,2020,2026,1,OKC,isaiah_joe
2639,Britton Johnsen,2003,2004,0,,britton_johnsen
1642358,AJ Johnson,2024,2026,0,,aj_johnson
200792,Alexander Johnson,2006,2009,0,,alexander_johnson
1628993,Alize Johnson,2018,2022,0,,alize_johnson
101161,Amir Johnson,2005,2018,0,,amir_johnson
77131,Andy Johnson,1958,1961,0,,HISTADD_andy_johnson
1533,Anthony Johnson,1997,2009,0,,anthony_johnson
202356,Armon Johnson,2010,2011,0,,armon_johnson
77132,Arnie Johnson,1948,1952,0,,HISTADD_arnie_johnson
422,Avery Johnson,1988,2003,0,,avery_johnson
1629168,BJ Johnson,2018,2021,0,,bj_johnson
1627744,Brice Johnson,2016,2017,0,,brice_johnson
77130,Buck Johnson,1986,1992,0,,HISTADD_buck_johnson
1629661,Cameron Johnson,2019,2026,1,BKN,cameron_johnson
201291,Carldell Johnson,2011,2011,0,,carldell_johnson
1643052,Chaney Johnson,2025,2026,0,,chaney_johnson
77133,Charlie Johnson,1972,1978,0,,HISTADD_charlie_johnson
202419,Chris Johnson,2010,2012,0,,chris_johnson
203187,Chris Johnson,2012,2015,0,,chris_johnson
77135,Clay Johnson,1981,1983,0,,HISTADD_clayton_johnson
77136,Clemon Johnson,1978,1987,0,,HISTADD_clemon_johnson
1626177,Dakari Johnson,2017,2017,0,,dakari_johnson
683,Darryl Johnson,1995,1995,0,,darryl_johnson
77138,Dave Johnson,1992,1993,0,,HISTADD_dave_johnson
77139,David Johnson,1949,1952,0,,HISTADD_boag_johnson
1630525,David Johnson,2021,2021,0,,david_johnson
1746,DeMarco Johnson,1999,1999,0,,demarco_johnson
77141,Dennis Johnson,1976,1989,0,,HISTADD_dennis_johnson
2035,DerMarr Johnson,2000,2007,0,,dermarr_johnson
698,Eddie Johnson,1981,1998,0,,eddie_johnson
77144,Eddie Johnson,1977,1986,0,,HISTADD_eddie_johnson
77145,Eric Johnson,1989,1989,0,,HISTADD_eric_johnson
911,Ervin Johnson,1993,2005,0,,ervin_johnson
77146,Frank Johnson,1981,1993,0,,HISTADD_frank_johnson
77147,George Johnson,1970,1973,0,,HISTADD_george_johnson
77148,George Johnson,1978,1985,0,,HISTADD_george_l_johnson
77149,George Johnson,1972,1985,0,,HISTADD_george_t_johnson
77150,Gus Johnson,1963,1972,0,,HISTADD_gus_johnson
77151,Harold Johnson,1946,1946,0,,HISTADD_harold_johnson
201274,Ivan Johnson,2011,2012,0,,ivan_johnson
202707,JaJuan Johnson,2011,2011,0,,jajuan_johnson
1630552,Jalen Johnson,2021,2026,1,ATL,jalen_johnson
201949,James Johnson,2009,2024,1,IND,james_johnson
2207,Joe Johnson,2001,2021,0,,joe_johnson
77152,John Johnson,1970,1981,0,,HISTADD_jj_johnson
77153,Kannard Johnson,1987,1987,0,,HISTADD_kannard_johnson
1629640,Keldon Johnson,2019,2026,1,SAS,keldon_johnson
2256,Ken Johnson,2002,2002,0,,ken_johnson
77154,Ken Johnson,1985,1985,0,,HISTADD_dupp_ken_johnson
1630553,Keon Johnson,2021,2024,1,BKN,keon_johnson
1642352,Keshad Johnson,2024,2026,0,,tmp_keshad_johnson
134,Kevin Johnson,1987,1999,0,,kevin_johnson
1641749,Keyontae Johnson,2023,2023,1,OKC,keyontae_johnson
913,Larry Johnson,1991,2000,0,,larry_johnson
77156,Larry Johnson,1977,1977,0,,HISTADD_dupp_larry_johnson
77158,Lee Johnson,1980,1980,0,,HISTADD_lee_johnson
2669,Linton Johnson,2003,2008,0,,linton_johnson
77159,Lynbert Johnson,1979,1979,0,,HISTADD_cheese_johnson
77142,Magic Johnson,1979,1995,0,,HISTADD_magic_johnson
77160,Marques Johnson,1977,1989,0,,HISTADD_marques_johnson
77168,Mickey Johnson,1974,1985,0,,HISTADD_mickey_johnson
1643516,Morez Johnson,2026,2026,0,,morez_johnson
77161,Neil Johnson,1966,1969,0,,HISTADD_neil_johnson
203910,Nick Johnson,2014,2014,0,,nick_johnson
77162,Ollie Johnson,1972,1981,0,,HISTADD_ollie_johnson
204179,Omari Johnson,2017,2017,0,,omari_johnson
203111,Orlando Johnson,2012,2015,0,,orlando_johnson
77163,Reggie Johnson,1980,1983,0,,HISTADD_reggie_johnson
77164,Rich Johnson,1968,1970,0,,HISTADD_rich_johnson
77165,Ron Johnson,1960,1960,0,,HISTADD_ron_johnson
1626169,Stanley Johnson,2015,2022,0,,stanley_johnson
77166,Steffond Johnson,1986,1986,0,,HISTADD_steffond_johnson
77134,Steve Johnson,1981,1990,0,,HISTADD_steve_johnson
1642848,Tre Johnson,2025,2026,0,,tmp_tre_johnson
201234,Trey Johnson,2008,2011,0,,trey_johnson
204020,Tyler Johnson,2014,2021,0,,tyler_johnson
77167,Vinnie Johnson,1979,1991,0,,HISTADD_vinnie_johnson
202325,Wesley Johnson,2010,2018,0,,wesley_johnson
203130,Darius Johnson-Odom,2012,2013,0,,darius_johnson-odom
77170,Nate Johnston,1989,1989,0,,HISTADD_nate_johnston
77169,Neil Johnston,1951,1958,0,,HISTADD_neil_johnston
77171,Jim Johnstone,1982,1982,0,,HISTADD_jim_johnstone
203999,Nikola Jokić,2015,2026,1,DEN,nikola_jokic
77172,Howie Jolliff,1960,1962,0,,HISTADD_howie_jolliff
2264,Alvin Jones,2001,2002,0,,alvin_jones
77173,Anthony Jones,1986,1989,0,,HISTADD_anthony_jones
77174,Askia Jones,1994,1994,0,,HISTADD_askia_jones
77180,Bill Jones,1988,1988,0,,HISTADD_bill_jones
77193,Bobby Jones,1976,1985,0,,HISTADD_bobby_jones
200784,Bobby Jones,2006,2007,0,,bobby_jones
77175,Caldwell Jones,1976,1989,0,,HISTADD_caldwell_jones
1630637,Carlik Jones,2021,2022,0,,carlik_jones
279,Charles Jones,1983,1997,0,,charles_jones
77178,Charles Jones,1984,1988,0,,HISTADD_charles_a_jones
1869,Charles R. Jones,1998,1999,0,,charles r._jones
1641732,Colby Jones,2023,2025,1,SAC,colby_jones
1642938,Curtis Jones,2025,2026,0,,curtis_jones
2563,Dahntay Jones,2003,2016,0,,dahntay_jones
1627745,Damian Jones,2016,2023,1,CLE,damian_jones
1800,Damon Jones,1998,2008,0,,damon_jones
203199,DeQuan Jones,2012,2012,0,,dequan_jones
1641794,Dillon Jones,2024,2026,0,,dillon_jones
202346,Dominique Jones,2010,2012,0,,dominique_jones
963,Dontae' Jones,1997,1997,0,,dontae'_jones
101204,Dwayne Jones,2005,2012,0,,dwayne_jones
77182,Dwight Jones,1973,1982,0,,HISTADD_dwight_jones
77183,Earl Jones,1984,1985,0,,HISTADD_earl_jones
224,Eddie Jones,1994,2007,0,,eddie_jones
77184,Edgar Jones,1980,1985,0,,HISTADD_edgar_jones
2410,Fred Jones,2002,2008,0,,fred_jones
1630529,Herbert Jones,2021,2026,1,NOP,herbert_jones
1642403,Isaac Jones,2024,2026,0,,isaac_jones
77185,Jake Jones,1971,1971,0,,HISTADD_jake_jones
1627883,Jalen Jones,2017,2018,0,,jalen_jones
2592,James Jones,2003,2016,0,,james_jones
1629203,Jemerrio Jones,2018,2021,0,,jemerrio_jones
77186,Jimmy Jones,1974,1976,0,,HISTADD_jimmy_jones
77187,Johnny Jones,1967,1967,0,,HISTADD_johnny_jones
1908,Jumaine Jones,1999,2006,0,,jumaine_jones
77188,K.C. Jones,1958,1966,0,,HISTADD_kc_jones
1630539,Kai Jones,2021,2024,1,LAC,kai_jones
1642880,Kam Jones,2025,2026,0,,kameron_jones
203158,Kevin Jones,2012,2012,0,,kevin_jones
1643650,Lajae Jones,2026,2026,0,,lajae_jones
77200,Larry Jones,1964,1973,0,,HISTADD_larry_jones
77189,Major Jones,1979,1984,0,,HISTADD_major_jones
2891,Mark Jones,1983,2004,0,,mark_jones
90000,Mark Jones,1983,1983,0,,tmp_mark_jones
1630222,Mason Jones,2020,2024,1,SAC,mason_jones
77195,Nick Jones,1967,1971,0,,HISTADD_nick_jones
77191,Ozell Jones,1984,1985,0,,HISTADD_ozell_jones
461,Popeye Jones,1993,2003,0,,popeye_jones
77192,Rich Jones,1976,1976,0,,HISTADD_house_jones
77194,Robin Jones,1976,1977,0,,HISTADD_robin_jones
77196,Sam Jones,1957,1968,0,,HISTADD_sam_jones
2652,Shelton Jones,1988,1988,0,,shelton_jones
200780,Solomon Jones,2006,2013,0,,solomon_jones
1642461,Spencer Jones,2024,2026,0,,spencer_jones
77197,Steve Jones,1975,1975,0,,HISTADD_snapper_jones
203093,Terrence Jones,2012,2018,0,,terrence_jones
1630200,Tre Jones,2020,2026,1,SAS,tre_jones
1626145,Tyus Jones,2015,2026,1,WAS,tyus_jones
77198,Wali Jones,1964,1975,0,,HISTADD_formerlywalterjones_jones
77199,Wallace Jones,1949,1951,0,,HISTADD_wahwah_jones
77201,Wil Jones,1976,1977,0,,HISTADD_wil_jones
77202,Willie Jones,1960,1964,0,,HISTADD_willie_jones
77203,Willie Jones,1982,1983,0,,HISTADD_hutch_jones
1642357,David Jones Garcia,2025,2026,0,,david_jones
203103,Perry Jones III,2012,2014,0,,perry_jones iii
1627884,Derrick Jones Jr.,2016,2026,1,DAL,derrick_jones_jr
1817,Adonis Jordan,1993,1998,0,,adonis_jordan
201599,DeAndre Jordan,2008,2026,1,DEN,deandre_jordan
77205,Eddie Jordan,1977,1983,0,,HISTADD_eddie_jordan
202366,Jerome Jordan,2011,2014,0,,jerome_jordan
893,Michael Jordan,1984,2002,0,,michael_jordan
674,Reggie Jordan,1993,1999,0,,reggie_jordan
77208,Thomas Jordan,1992,1992,0,,HISTADD_thomas_jordan
77209,Walter Jordan,1980,1980,0,,HISTADD_walter_jordan
77210,Phil Jordon,1956,1962,0,,HISTADD_phil_jordon
77211,Johnny Jorgensen,1947,1948,0,,HISTADD_johnny_jorgensen
77212,Noble Jorgensen,1946,1952,0,,HISTADD_jorgy_jorgensen
77213,Roger Jorgensen,1946,1946,0,,HISTADD_roger_jorgensen
202709,Cory Joseph,2011,2024,0,,cory_joseph
2123,Garth Joseph,2000,2000,0,,garth_joseph
203126,Kris Joseph,2012,2012,0,,kris_joseph
77214,Yvon Joseph,1985,1985,0,,HISTADD_yvon_joseph
1631107,Nikola Jović,2022,2026,1,MIA,nikola_jovic
77215,Jeff Judkins,1978,1982,0,,HISTADD_jeff_judkins
1630548,Johnny Juzang,2022,2025,1,UTA,johnny_juzang
1629662,Mfiondu Kabengele,2019,2022,0,,mfiondu_kabengele
77217,Edwin Kachan,1948,1948,0,,HISTADD_whitey_kachan
77218,George Kaftan,1948,1952,0,,HISTADD_thegoldengreek_kaftan
77219,Ed Kalafat,1954,1956,0,,HISTADD_ed_kalafat
1630686,Georgios Kalaitzakis,2021,2021,0,,kalaitzakis_georgios
1641750,Ryan Kalkbrenner,2025,2026,0,,ryan_kalkbrenner
2549,Chris Kaman,2003,2015,0,,chris_kaman
1626163,Frank Kaminsky,2015,2022,0,,frank_kaminsky
77221,Ralph Kaplowitz,1946,1947,0,,HISTADD_kappy_kaplowitz
2574,Jason Kapono,2003,2011,0,,jason_kapono
77222,Tony Kappen,1946,1946,0,,HISTADD_tony_kappen
1642284,Alex Karaban,2026,2026,0,,alex_karaban
203508,Sergey Karasev,2013,2015,0,,sergey_karasev
201207,Coby Karl,2007,2009,0,,coby_karl
77223,George Karl,1976,1977,0,,HISTADD_dupp_george_karl
77225,Ed Kasid,1946,1946,0,,HISTADD_ed_kasid
2435,Mario Kasun,2004,2005,0,,mario_kasun
77226,Leo Katkaveck,1948,1949,0,,HISTADD_leo_katkaveck
77227,Bob Kauffman,1968,1974,0,,HISTADD_horse_kauffman
1643626,Trey Kaufman-Renn,2026,2026,0,,trey_kaufman-renn
201619,Sasha Kaun,2015,2015,0,,sasha_kaun
77228,Wilbert Kautz,1946,1946,0,,HISTADD_wibs_kautz
1642530,Yuki Kawamura,2024,2026,0,,yuki_kawamura
1643583,Jack Kayil,2026,2026,0,,tmp_jack_kayil
77229,Clarence Kea,1980,1981,0,,HISTADD_clarence_kea
77230,Michael Kearns,1954,1954,0,,HISTADD_michael_kearns
77231,Tommy Kearns,1958,1958,0,,HISTADD_tommy_kearns
228,Adam Keefe,1992,2000,0,,adam_keefe
77233,Harold Keeling,1985,1985,0,,HISTADD_harold_keeling
1631211,Trevor Keels,2022,2026,0,,trevor_keels
77234,Ken Keller,1946,1946,0,,HISTADD_ken_keller
1630283,Kylor Kelley,2024,2024,0,,kylor_kelley
77235,Rich Kelley,1975,1985,0,,HISTADD_rich_kelley
77236,Clark Kellogg,1982,1986,0,,HISTADD_clark_kellogg
77237,Gerard Kelly,1946,1947,0,,HISTADD_jerry_kelly
1642939,Miles Kelly,2025,2025,0,,miles_kelly
203527,Ryan Kelly,2013,2016,0,,ryan_kelly
77238,Tom Kelly,1948,1948,0,,HISTADD_tom_kelly
77239,Greg Kelser,1979,1984,0,,HISTADD_greg_kelser
77240,Ben Kelso,1973,1973,0,,HISTADD_ben_kelso
431,Shawn Kemp,1989,2002,0,,shawn_kemp
1118,Tim Kempton,1986,1997,0,,tim_kempton
77242,Frank Kendrick,1974,1974,0,,HISTADD_frank_kendrick
1628379,Luke Kennard,2017,2026,1,MEM,luke_kennard
202810,D.J. Kennedy,2011,2011,0,,d.j._kennedy
77243,Eugene Kennedy,1976,1976,0,,HISTADD_goo_kennedy
77244,Joe Kennedy,1968,1969,0,,HISTADD_joe_kennedy
77245,William Kennedy,1960,1960,0,,HISTADD_pickles_kennedy
77246,Larry Kenon,1976,1982,0,,HISTADD_larry_kenon
1643257,Jayson Kent,2025,2026,0,,jayson_kent
77247,Bill Kenville,1953,1959,0,,HISTADD_billy_kenville
1801,Jonathan Kerner,1998,2002,0,,jonathan_kerner
77248,Johnny Kerr,1954,1965,0,,HISTADD_johnny_kerr
70,Steve Kerr,1988,2002,0,,steve_kerr
77249,Jack Kerris,1949,1952,0,,HISTADD_jack_kerris
760,Jerome Kersey,1984,2000,0,,jerome_kersey
77251,Alec Kessler,1990,1993,0,,HISTADD_alec_kessler
1631117,Walker Kessler,2022,2026,1,UTA,walker_kessler
1930,Lari Ketner,1999,2000,0,,lari_ketner
1630296,Braxton Key,2021,2024,1,DEN,braxton_key
705,Randolph Keys,1988,1995,0,,randolph_keys
2751,Viktor Khryapa,2004,2007,0,,viktor_khryapa
467,Jason Kidd,1994,2012,0,,jason_kidd
1629742,Stanton Kidd,2019,2019,0,,stanton_kidd
77254,Warren Kidd,1993,1993,0,,HISTADD_warren_kidd
203077,Michael Kidd-Gilchrist,2012,2019,0,,michael_kidd-gilchrist
77255,Irv Kiffin,1979,1979,0,,HISTADD_irvin_kiffin
77256,Jack Kiley,1951,1952,0,,HISTADD_jack_kiley
77257,Ernie Killum,1970,1970,0,,HISTADD_ernie_killum
77258,Carl Kilpatrick,1979,1979,0,,HISTADD_carl_kilpatrick
203930,Sean Kilpatrick,2014,2017,0,,sean_kilpatrick
77259,Toby Kimball,1966,1974,0,,HISTADD_toby_kimball
77260,Bo Kimble,1990,1992,0,,HISTADD_bo_kimble
77261,Stan Kimbrough,1989,1992,0,,HISTADD_stan_kimbrough
77262,Chad Kinch,1980,1980,0,,HISTADD_chad_kinch
77263,Albert King,1981,1991,0,,HISTADD_albert_king
77264,Bernard King,1977,1992,0,,HISTADD_bernard_king
12,Chris King,1993,1998,0,,chris_king
77266,Dan King,1954,1954,0,,HISTADD_dan_king
701,Frankie King,1995,1996,0,,frankie_king
77268,George King,1951,1957,0,,HISTADD_george_king
1628994,George King,2018,2021,0,,george_king
1562,Gerard King,1998,2000,0,,gerard_king
77270,Jim King,1963,1972,0,,HISTADD_country_king
728,Jimmy King,1995,1996,0,,jimmy_king
1629663,Louis King,2019,2022,0,,louis_king
77272,Maury King,1959,1962,0,,HISTADD_maury_king
77273,Reggie King,1979,1984,0,,HISTADD_reggie_king
1101,Rich King,1991,1994,0,,rich_king
351,Stacey King,1989,1996,0,,stacey_king
77276,Tom King,1946,1946,0,,HISTADD_tom_king
77277,Bob Kinney,1948,1949,0,,HISTADD_bob_kinney
200814,Tarence Kinsey,2006,2008,0,,tarence_kinsey
1905,Andrei Kirilenko,2001,2014,0,,andrei_kirilenko
203945,Alex Kirk,2014,2014,0,,alex_kirk
77278,Walt Kirk,1948,1951,0,,HISTADD_junior_kirk
1630557,Corey Kispert,2021,2026,1,WAS,corey_kispert
77279,Doug Kistler,1961,1961,0,,HISTADD_doug_kistler
77280,Curtis Kitchen,1986,1986,0,,HISTADD_curtis_kitchen
1123,Greg Kite,1983,1994,0,,greg_kite
954,Kerry Kittles,1996,2004,0,,kerry_kittles
1628467,Maxi Kleber,2017,2026,1,DAL,maxi_kleber
170,Joe Kleine,1985,1999,0,,joe_kleine
101132,Linas Kleiza,2005,2012,0,,linas_kleiza
77283,Leo Klier,1948,1949,0,,HISTADD_crystal_klier
1641752,Bobi Klintman,2024,2025,0,,bobi_klintman
77284,Herm Klotz,1947,1947,0,,HISTADD_red_klotz
77285,Duane Klueh,1949,1950,0,,HISTADD_duane_klueh
1642261,Dalton Knecht,2024,2026,0,,dalton_knecht
77290,Billy Knight,1976,1984,0,,HISTADD_billy_knight
77287,Bob Knight,1954,1954,0,,HISTADD_bob_knight
2688,Brandin Knight,2004,2004,0,,brandin_knight
202688,Brandon Knight,2011,2021,0,,brandon_knight
1510,Brevin Knight,1997,2008,0,,brevin_knight
1630233,Nathan Knight,2020,2022,0,,nathan_knight
1861,Negele Knight,1990,1998,0,,negele_knight
77288,Ron Knight,1970,1971,0,,HISTADD_ron_knight
77289,Toby Knight,1977,1981,0,,HISTADD_toby_knight
969,Travis Knight,1996,2002,0,,travis_knight
77291,Lee Knorek,1946,1949,0,,HISTADD_lee_knorek
77292,Dick Knostman,1953,1953,0,,HISTADD_dick_knostman
77293,Rod Knowles,1968,1968,0,,HISTADD_rod_knowles
1628995,Kevin Knox II,2018,2024,0,,kevin_knox
1642851,Kon Knueppel,2025,2026,0,,kon_knueppel
77294,Bart Kofoed,1987,1992,0,,HISTADD_bart_kofoed
77295,Don Kojis,1963,1974,0,,HISTADD_don_kojis
1642278,Tyler Kolek,2024,2026,0,,tyler_kolek
1631132,Christian Koloko,2022,2026,0,,christian_koloko
77296,Milo Komenich,1949,1949,0,,HISTADD_milo_komenich
77297,Howard Komives,1964,1973,0,,HISTADD_howie_komives
402,Jon Koncak,1985,1995,0,,jon_koncak
1629723,John Konchar,2019,2026,1,MEM,john_konchar
77299,Bud Koper,1964,1964,0,,HISTADD_bud_koper
77300,Joe Kopicki,1982,1984,0,,HISTADD_joe_kopicki
1627788,Furkan Korkmaz,2017,2023,0,,furkan_korkmaz
77301,Frank Kornet,1989,1990,0,,HISTADD_frank_kornet
1628436,Luke Kornet,2017,2026,1,BOS,luke_kornet
101117,Yaroslav Korolev,2005,2006,0,,yaroslav_korolev
2594,Kyle Korver,2003,2019,0,,kyle_korver
77302,Len Kosmalski,1974,1975,0,,HISTADD_len_kosmalski
77303,Andy Kostecka,1948,1948,0,,HISTADD_andy_kostecka
77304,Harold Kottman,1946,1946,0,,HISTADD_harold_kottman
201585,Kosta Koufos,2008,2018,0,,kosta_koufos
77305,Tom Kozelko,1973,1975,0,,HISTADD_tom_kozelko
77306,Arvid Kramer,1979,1979,0,,HISTADD_arvid_kramer
77307,Barry Kramer,1964,1964,0,,HISTADD_barry_kramer
77308,Joel Kramer,1978,1982,0,,HISTADD_joel_kramer
77309,Dan Kraus,1948,1948,0,,HISTADD_dan_kraus
77310,Herb Krautblatt,1948,1948,0,,HISTADD_herb_krautblatt
203139,Viacheslav Kravtsov,2012,2013,0,,viacheslav_kravtsov
77311,Jim Krebs,1957,1963,0,,HISTADD_red_krebs
1630249,Vít Krejčí,2021,2026,1,ATL,vit_krejci
77312,Wayne Kreklow,1980,1980,0,,HISTADD_wayne_kreklow
77313,Tom Kron,1966,1968,0,,HISTADD_tommy_kron
77314,Tom Kropp,1975,1976,0,,HISTADD_tom_kropp
2420,Nenad Krstic,2004,2010,0,,nenad_krstic
1474,Larry Krystkowiak,1986,1996,0,,larry_krystkowiak
77316,Steve Kuberski,1969,1977,0,,HISTADD_steve_kuberski
77317,Leo Kubiak,1949,1949,0,,HISTADD_leo_kubiak
77318,Bruce Kuczenski,1983,1983,0,,HISTADD_bruce_kuczenski
77319,Frank Kudelka,1949,1952,0,,HISTADD_apples_kudelka
77320,John Kuester,1977,1979,0,,HISTADD_dupp_john_kuester
77322,Ray Kuka,1947,1948,0,,HISTADD_ray_kuka
389,Toni Kukoc,1993,2005,0,,toni_kukoc
1629083,Arnoldas Kulboka,2021,2021,0,,arnoldas_kulboka
1630228,Jonathan Kuminga,2021,2026,1,GSW,jonathan_kuminga
77323,Kevin Kunnert,1973,1981,0,,HISTADD_kevin_kunnert
77324,Mitch Kupchak,1976,1985,0,,HISTADD_mitch_kupchak
77325,Charles Kupec,1975,1977,0,,HISTADD_cj_kupec
1629066,Rodions Kurucs,2018,2020,0,,rodions_kurucs
201633,Rob Kurz,2008,2009,0,,rob_kurz
2825,Ibrahim Kutluay,2004,2004,0,,ibrahim_kutluay
1628398,Kyle Kuzma,2017,2026,1,WAS,kyle_kuzma
203136,Ognjen Kuzmic,2013,2014,0,,ognjen_kuzmic
1627851,Mindaugas Kuzminskas,2016,2017,0,,mindaugas_kuzminskas
77327,Fred LaCour,1960,1962,0,,HISTADD_fred_lacour
1711,Raef LaFrentz,1998,2008,0,,raef_lafrentz
77328,Tom LaGarde,1977,1984,0,,HISTADD_tom_lagarde
1631222,Jake LaRavia,2022,2026,1,MEM,jake_laravia
1601,Rusty LaRue,1997,2003,0,,rusty_larue
77340,Rudy LaRusso,1959,1968,0,,HISTADD_rudy_larusso
203897,Zach LaVine,2014,2026,1,CHI,zach_lavine
1627746,Skal Labissiere,2016,2025,0,,skal_labissiere
77326,Sam Lacey,1970,1982,0,,HISTADD_sam_lacey
363,Christian Laettner,1992,2004,0,,christian_laettner
201802,Oliver Lafayette,2009,2009,0,,oliver_lafayette
100263,Bill Laimbeer,1980,1993,0,,bill_laimbeer
77329,Pete Lalich,1946,1946,0,,HISTADD_pete_lalich
77330,Bo Lamar,1976,1976,0,,HISTADD_bo_lamar
1630237,Anthony Lamb,2020,2022,0,,anthony_lamb
203117,Doron Lamb,2012,2013,0,,doron_lamb
203087,Jeremy Lamb,2012,2021,0,,jeremy_lamb
77331,John Lambert,1975,1981,0,,HISTADD_john_lambert
77332,Jeff Lamp,1981,1988,0,,HISTADD_jeff_lamp
2573,Maciej Lampe,2003,2005,0,,maciej_lampe
77333,Jim Lampley,1986,1986,0,,HISTADD_jimmy_lampley
2253,Sean Lampley,2002,2003,0,,sean_lampley
1629111,Jock Landale,2021,2026,1,HOU,jock_landale
201171,Carl Landry,2007,2015,0,,carl_landry
202068,Marcus Landry,2009,2009,0,,marcus_landry
77334,Mark Landsberger,1977,1983,0,,HISTADD_mark_landsberger
77335,Jerome Lane,1988,1992,0,,HISTADD_jerome_lane
457,Andrew Lang,1988,1999,0,,andrew_lang
226,Antonio Lang,1994,1999,0,,antonio_lang
2591,James Lang,2006,2006,0,,james_lang
1892,Trajan Langdon,1999,2001,0,,trajan_langdon
101247,Keith Langford,2007,2007,0,,keith_langford
1629641,Romeo Langford,2019,2022,0,,romeo_langford
2061,Dan Langhi,2000,2003,0,,dan_langhi
600005,Bob Lanier,1970,1983,0,,HISTADD_bob_lanier
1642404,Chaz Lanier,2025,2026,0,,chaz_lanier
77338,Stu Lantz,1968,1975,0,,HISTADD_stu_lantz
1627879,Nicolas Laprovittola,2016,2016,0,,nicolas_laprovittola
77339,York Larese,1961,1961,0,,HISTADD_york_larese
203499,Shane Larkin,2013,2017,0,,shane_larkin
1641796,Pelle Larsson,2024,2026,0,,pelle_larsson
77341,John Laskowski,1975,1976,0,,HISTADD_john_laskowski
201186,Stephane Lasme,2007,2007,0,,stephane_lasme
77342,Dave Lattin,1967,1968,0,,HISTADD_dave_lattin
968,Priest Lauderdale,1996,1997,0,,priest_lauderdale
77344,Rich Laurel,1977,1977,0,,HISTADD_richard_laurel
77345,Walt Lautenbach,1949,1949,0,,HISTADD_walt_lautenbach
203530,Joffrey Lauvergne,2014,2017,0,,joffrey_lauvergne
77346,Tony Lavelli,1949,1950,0,,HISTADD_tony_lavelli
77347,Bob Lavoy,1950,1953,0,,HISTADD_bob_lavoy
201151,Acie Law,2007,2010,0,,acie_law
1629724,Vic Law,2019,2019,0,,vic_law
202371,Gani Lawal,2010,2010,0,,gani_lawal
1643588,Tobi Lawal,2026,2026,0,,tobi_lawal
77348,Ed Lawrence,1980,1980,0,,HISTADD_ed_lawrence
1630639,A.J. Lawson,2022,2026,1,DAL,aj_lawson
1535,Jason Lawson,1997,2002,0,,jason_lawson
201951,Ty Lawson,2009,2017,0,,ty_lawson
1627774,Jake Layman,2016,2021,0,,jake_layman
77350,Dennis Layton,1971,1977,0,,HISTADD_mo_layton
1627747,Caris LeVert,2016,2026,1,CLE,caris_levert
1628388,T.J. Leaf,2017,2020,0,,tj_leaf
77351,Emanuel Leaks,1972,1973,0,,HISTADD_manny_leaks
77352,Hal Lear,1956,1956,0,,HISTADD_king_lear
77353,Allen Leavell,1979,1988,0,,HISTADD_allen_leavell
77354,Jeff Lebo,1989,1989,0,,HISTADD_jeff_lebo
287,Eric Leckner,1988,1996,0,,eric_leckner
1629665,Jalen Lecque,2019,2020,0,,jalen_lecque
203495,Ricky Ledo,2013,2014,0,,ricky_ledo
77356,Butch Lee,1978,1979,0,,HISTADD_butch_lee
77357,Clyde Lee,1966,1975,0,,HISTADD_clyde_lee
201584,Courtney Lee,2008,2019,0,,courtney_lee
1627814,Damion Lee,2017,2024,1,PHX,damion_lee
101135,David Lee,2005,2016,0,,david_lee
77358,Doug Lee,1991,1994,0,,HISTADD_doug_lee
77359,George Lee,1960,1967,0,,HISTADD_george_lee
77360,Greg Lee,1975,1975,0,,HISTADD_greg_lee
77361,Keith Lee,1985,1988,0,,HISTADD_keith_lee
77362,Kurk Lee,1990,1990,0,,HISTADD_kurk_lee
202723,Malcolm Lee,2011,2014,0,,malcolm_lee
77363,Rock Lee,1981,1981,0,,HISTADD_rock_lee
77364,Ron Lee,1976,1981,0,,HISTADD_ron_lee
77365,Russell Lee,1972,1974,0,,HISTADD_russell_lee
1630240,Saben Lee,2020,2023,1,PHX,saban_lee
77366,Ed Leede,1949,1950,0,,HISTADD_ed_leede
77367,Hank Lefkowitz,1946,1946,0,,HISTADD_hank_lefkowitz
100,Tim Legler,1989,1999,0,,tim_legler
77369,George Lehmann,1967,1968,0,,HISTADD_george_lehmann
1627215,Walt Lemon Jr.,2017,2018,0,,walter_lemon jr.
203458,Alex Len,2013,2024,1,SAC,alex_len
702,Voshon Lenard,1995,2005,0,,voshon_lenard
1642865,Yaxel Lendeborg,2026,2026,0,,yaxel_lendeborg
77371,Bob Leonard,1956,1962,0,,HISTADD_slick_leonard
77370,Gary Leonard,1989,1991,0,,HISTADD_gary_leonard
202695,Kawhi Leonard,2011,2026,1,LAC,kawhi_leonard
203086,Meyers Leonard,2012,2022,0,,meyers_leonard
1642502,Malevy Leons,2024,2026,0,,malevy_leons
77372,Jim Les,1988,1994,0,,HISTADD_jim_les
202727,Travis Leslie,2011,2011,0,,travis_leslie
77373,Ronnie Lester,1980,1985,0,,HISTADD_ronnie_lester
77374,Clifford Lett,1989,1990,0,,HISTADD_clifford_lett
202720,Jon Leuer,2011,2018,0,,jon_leuer
77375,Andrew Levane,1948,1952,0,,HISTADD_fuzzy_levane
77376,Lafayette Lever,1982,1993,0,,HISTADD_fat_lever
77377,Cliff Levingston,1982,1994,0,,HISTADD_cliff_levingston
77385,Bobby Lewis,1967,1970,0,,HISTADD_bobby_lewis
736,Cedric Lewis,1995,1995,0,,cedric_lewis
77379,Fred Lewis,1948,1949,0,,HISTADD_fred_lewis
77380,Freddie Lewis,1966,1976,0,,HISTADD_freddie_lewis
77381,Grady Lewis,1946,1948,0,,HISTADD_grady_lewis
1631171,Justin Lewis,2022,2022,0,,justin_lewis
1641831,Malique Lewis,2026,2026,0,,malique_lewis
729,Martin Lewis,1995,1996,0,,martin_lewis
1641721,Maxwell Lewis,2023,2024,1,LAL,maxwell_lewis
1900,Quincy Lewis,1999,2003,0,,quincy_lewis
77383,Ralph Lewis,1987,1989,0,,HISTADD_ralph_lewis
1740,Rashard Lewis,1998,2013,0,,rashard_lewis
77384,Reggie Lewis,1987,1992,0,,HISTADD_reggie_lewis
1630575,Scottie Lewis,2021,2021,0,,tmp_scottie_lewis
1630184,Kira Lewis Jr.,2020,2023,1,UTA,kira_lewis_jr
77386,Marcus Liberty,1990,1993,0,,HISTADD_marcus_liberty
77387,Todd Lichti,1989,1993,0,,HISTADD_todd_lichti
1630604,E.J. Liddell,2022,2026,1,NOP,ej_liddell
202732,DeAndre Liggins,2011,2017,0,,deandre_liggins
77388,Bill Ligon,1974,1974,0,,HISTADD_bill_ligon
203081,Damian Lillard,2012,2026,1,MIL,damian_lillard
202391,Jeremy Lin,2010,2018,0,,jeremy_lin
77389,Steve Lingenfelter,1982,1983,0,,HISTADD_steve_lingenfelter
175,Alton Lister,1981,1997,0,,alton_lister
1629642,Nassir Little,2019,2023,1,PHX,nassir_little
1641726,Dereck Lively II,2023,2026,1,DAL,dereck_lively_ii
1630587,Isaiah Livers,2021,2026,0,,isaiah_livers
1641753,Chris Livingston,2023,2025,1,MIL,chris_livingston
988,Randy Livingston,1996,2006,0,,randy_livingston
2733,Shaun Livingston,2004,2018,0,,shaun_livingston
77392,Ron Livingstone,1949,1950,0,,HISTADD_ron_livingstone
1024,Horacio Llamas,1996,2002,0,,horacio_llamas
77394,Earl Lloyd,1950,1959,0,,HISTADD_bigcat_lloyd
77395,Lewis Lloyd,1981,1989,0,,HISTADD_lewis_lloyd
77396,Scott Lloyd,1976,1982,0,,HISTADD_scott_lloyd
77397,Bob Lochmueller,1952,1952,0,,HISTADD_bob_lochmueller
77398,Robert Lock,1988,1988,0,,HISTADD_rob_lock
77399,Darrell Lockhart,1983,1983,0,,HISTADD_darrell_lockhart
1100,Ian Lockhart,1990,1990,0,,ian_lockhart
77401,Kevin Loder,1981,1983,0,,HISTADD_kevin_loder
77402,Don Lofgran,1950,1953,0,,HISTADD_donald_lofgran
1629155,Zach Lofton,2018,2018,0,,zach_lofton
1631254,Kenneth Lofton Jr.,2022,2023,1,UTA,kenneth_lofton_jr
77403,Johnny Logan,1946,1950,0,,HISTADD_johnny_logan
38,Brad Lohaus,1987,1997,0,,brad_lohaus
1609,Art Long,2000,2002,0,,art_long
3,Grant Long,1988,2002,0,,grant_long
1381,John Long,1978,1996,0,,john_long
77406,Paul Long,1967,1970,0,,HISTADD_paul_long
1627848,Shawn Long,2016,2016,0,,shawn_long
26,Luc Longley,1991,2000,0,,luc_longley
1626172,Kevon Looney,2015,2026,1,GSW,kevon_looney
201572,Brook Lopez,2008,2026,1,MIL,brook_lopez
1732,Felipe Lopez,1998,2002,0,,felipe_lopez
1643510,Karim Lopez,2026,2026,0,,tmp_karim_lopez
2221,Raul Lopez,2002,2004,0,,raul_lopez
201577,Robin Lopez,2008,2023,0,,robin_lopez
943,Ryan Lorthridge,1994,1994,0,,ryan_lorthridge
77409,Jim Loscutoff,1955,1963,0,,HISTADD_jim_loscutoff
77410,Plummer Lott,1967,1968,0,,HISTADD_plummer_lott
77411,Kevin Loughery,1962,1972,0,,HISTADD_kevin_loughery
1629712,Didi Louzada,2020,2021,0,,marcos_louzada_silva
77412,Bob Love,1966,1976,0,,HISTADD_butterbean_love
1631126,Caleb Love,2025,2026,0,,caleb_love
201567,Kevin Love,2008,2026,1,MIA,kevin_love
77413,Stan Love,1971,1974,0,,HISTADD_stan_love
77414,Clyde Lovellette,1953,1963,0,,HISTADD_clyde_lovellette
1643133,Lawson Lovering,2025,2025,0,,lawson_lovering
77415,Sidney Lowe,1983,1989,0,,HISTADD_sidney_lowe
77416,Chuck Lowery,1971,1971,0,,HISTADD_chuck_lowery
200768,Kyle Lowry,2006,2026,1,PHI,kyle_lowry
1628070,Jordan Loyd,2018,2018,0,,jordan_loyd
77417,Al Lucas,1948,1948,0,,HISTADD_lukey_lucas
77418,Jerry Lucas,1963,1973,0,,HISTADD_jerry_lucas
77419,John Lucas,1976,1989,0,,HISTADD_john_lucas
203564,Kalin Lucas,2014,2018,0,,kalin_lucas
77420,Maurice Lucas,1976,1987,0,,HISTADD_maurice_lucas
101249,John Lucas III,2005,2016,0,,john_lucas iii
77421,Ted Luckenbill,1961,1962,0,,HISTADD_ted_luckenbill
1731,Tyronn Lue,1998,2008,0,,tyronn_lue
77422,Jim Luisi,1953,1953,0,,HISTADD_jim_luisi
77423,Al Lujack,1946,1946,0,,HISTADD_al_lujack
77424,Phil Lumpkin,1974,1975,0,,HISTADD_phil_lumpkin
77425,Ray Lumpp,1948,1952,0,,HISTADD_ray_lumpp
1630994,Gabriel Lundberg,2021,2021,0,,gabriel_lundberg
1641754,Seth Lundy,2023,2024,1,ATL,seth_lundy
1627789,Timothe Luwawu-Cabarrot,2016,2021,0,,timothe_luwawu-cabarrot
1628399,Tyler Lydon,2017,2018,0,,tyler_lydon
1626168,Trey Lyles,2015,2024,1,SAC,trey_lyles
248,George Lynch,1993,2004,0,,george_lynch
77426,Kevin Lynch,1991,1992,0,,HISTADD_kevin_lynch
77427,Mike Lynn,1969,1970,0,,HISTADD_mike_lynn
1627815,Sheldon Mac,2016,2016,0,,sheldon_mac
1928,Todd MacCulloch,1999,2003,0,,todd_macculloch
77430,Ronnie MacGilvray,1954,1954,0,,HISTADD_ronnie_macgilvray
931,Don MacLean,1992,2000,0,,don_maclean
77428,Mike Macaluso,1973,1973,0,,HISTADD_mike_macaluso
77429,Ed Macauley,1949,1958,0,,HISTADD_ed_macauley
203159,Scott Machado,2012,2018,0,,scott_machado
101178,Arvydas Macijauskas,2005,2005,0,,arvydas_macijauskas
77432,Ollie Mack,1979,1981,0,,HISTADD_ollie_mack
694,Sam Mack,1992,2001,0,,sam_mack
202714,Shelvin Mack,2011,2018,0,,shelvin_mack
1635,Malcolm Mackey,1993,1993,0,,malcolm_mackey
77435,Rudy Macklin,1981,1983,0,,HISTADD_rudy_macklin
202731,Vernon Macklin,2011,2011,0,,vernon_macklin
77436,Johnny Macknowski,1949,1950,0,,HISTADD_whitey_macknowski
1629133,Daryl Macon,2018,2019,0,,daryl_macon
1855,Mark Macon,1991,1998,0,,mark_macon
1629122,J.P. Macura,2018,2019,0,,jp_macura
77438,Kyle Macy,1980,1986,0,,HISTADD_kyle_macy
77439,Jack Maddox,1948,1948,0,,HISTADD_jack_maddox
2432,Tito Maddox,2002,2002,0,,tito_maddox
1666,Gerald Madkins,1993,1997,0,,gerald_madkins
2058,Mark Madsen,2000,2008,0,,mark_madsen
77441,Norm Mager,1950,1950,0,,HISTADD_norm_mager
203705,Josh Magette,2017,2019,0,,josh_magette
1894,Corey Maggette,1999,2012,0,,corey_maggette
77442,Dave Magley,1982,1982,0,,HISTADD_dave_magley
2048,Jamaal Magloire,2000,2011,0,,jamaal_magloire
1630266,Will Magnay,2020,2020,0,,will_magnay
101133,Ian Mahinmi,2007,2019,0,,ian_mahinmi
77443,John Mahnken,1946,1952,0,,HISTADD_longjohn;stretch_mahnken
77444,Francis Mahoney,1952,1953,0,,HISTADD_mo_mahoney
328,Rick Mahorn,1980,1998,0,,rick_mahorn
105,Dan Majerle,1988,2001,0,,dan_majerle
200970,Renaldo Major,2006,2006,0,,renaldo_major
1627748,Thon Maker,2016,2020,0,,thon_maker
77447,Lionel Malamed,1948,1948,0,,HISTADD_lionel_malamed
1630177,Theo Maledon,2020,2023,0,,theo_maledon
117,Jeff Malone,1983,1995,0,,jeff_malone
252,Karl Malone,1985,2003,0,,karl_malone
77449,Moses Malone,1976,1994,0,,HISTADD_moses_malone
1074,Matt Maloney,1996,2002,0,,matt_maloney
77450,Steve Malovic,1979,1979,0,,lon_babby
1642863,Khaman Maluach,2025,2026,0,,tmp_khaman_maluach
1630572,Sandro Mamukelashvili,2021,2026,1,SAS,sandro_mamukelashvili
77451,Ted Manakas,1973,1973,0,,HISTADD_ted_manakas
77452,John Mandic,1948,1949,0,,HISTADD_john_mandic
1630211,Karim Mane,2020,2020,0,,karim_mane
77453,Frank Mangiapane,1946,1946,0,,HISTADD_frank_mangiapane
986,Marcus Mann,1996,1997,0,,marcus_mann
1629611,Terance Mann,2019,2026,1,LAC,terance_mann
1630544,Tre Mann,2021,2026,1,CHA,tre_mann
330,Danny Manning,1988,2002,0,,danny_manning
77454,Ed Manning,1967,1970,0,,HISTADD_ed_manning
316,Richard Manning,1995,1996,0,,richard_manning
1630185,Nico Mannion,2020,2020,0,,nico_mannion
77456,Pace Mannion,1983,1988,0,,HISTADD_pace_mannion
77457,Nick Mantis,1959,1962,0,,HISTADD_nick_mantis
1643530,Aday Mara,2026,2026,0,,aday_mara
77459,Pete Maravich,1970,1979,0,,HISTADD_pete_maravich
77458,Peter Maravich,1946,1946,0,,HISTADD_press_maravich
203906,Devyn Marble,2014,2015,0,,devyn_marble
77460,Roy Marble,1989,1993,0,,HISTADD_roy_marble
950,Stephon Marbury,1996,2008,0,,stephon_marbury
36,Sarunas Marciulionis,1989,1996,0,,sarunas_marciulionis
77462,Saul Mariaschin,1947,1947,0,,HISTADD_saul_mariaschin
77463,Jack Marin,1966,1976,0,,HISTADD_jack_marin
1890,Shawn Marion,1999,2014,0,,shawn_marion
1626246,Boban Marjanovic,2015,2023,1,HOU,boban_marjanovic
1628374,Lauri Markkanen,2017,2026,1,UTA,lauri_markkanen
200806,Damir Markota,2006,2006,0,,damir_markota
1752,Sean Marks,1998,2010,0,,sean_marks
77464,Harvey Marlatt,1970,1972,0,,HISTADD_harvey_marlatt
77465,Eric Marsh,1977,1977,0,,HISTADD_ricky_marsh
77466,Jim Marsh,1971,1971,0,,HISTADD_jim_marsh
681,Donny Marshall,1995,2002,0,,donny_marshall
923,Donyell Marshall,1994,2008,0,,donyell_marshall
203088,Kendall Marshall,2012,2015,0,,kendall_marshall
1630230,Naji Marshall,2020,2026,1,NOP,naji_marshall
101185,Rawle Marshall,2005,2006,0,,rawle_marshall
77467,Tom Marshall,1954,1958,0,,HISTADD_tom_marshall
77468,Vester Marshall,1973,1973,0,,HISTADD_vester_marshall
1642918,Alijah Martin,2025,2026,0,,alijah_martin
77481,Bill Martin,1985,1987,0,,HISTADD_bill_martin
77478,Bob Martin,1993,1994,0,,HISTADD_bob_martin
77469,Brian Martin,1985,1985,0,,HISTADD_brian_martin
1628997,Caleb Martin,2019,2026,1,MIA,caleb_martin
201858,Cartier Martin,2008,2014,0,,cartier_martin
1628998,Cody Martin,2019,2025,1,CHA,cody_martin
733,Cuonzo Martin,1995,1996,0,,cuonzo_martin
239,Darrick Martin,1994,2007,0,,darrick_martin
77473,Don Martin,1946,1948,0,,HISTADD_don_martin
77471,Donald Martin,1946,1947,0,,HISTADD_dino_martin
77472,Fernando Martin,1986,1986,0,,HISTADD_fernando_martin
1626185,Jarell Martin,2015,2018,0,,jarell_martin
1641798,Jaylen Martin,2023,2024,1,BKN,jaylen_martin
77474,Jeff Martin,1989,1990,0,,HISTADD_jeff_martin
1629725,Jeremiah Martin,2019,2020,0,,jeremiah_martin
1630231,KJ Martin,2020,2024,1,PHI,kenyon_martin_jr
1629103,Kelan Martin,2019,2021,0,,kelan_martin
2030,Kenyon Martin,2000,2014,0,,kenyon_martin
2755,Kevin Martin,2004,2015,0,,kevin_martin
77475,Larue Martin,1972,1975,0,,HISTADD_larue_martin
77476,Mo Martin,1986,1987,0,,HISTADD_mo_martin
77477,Phil Martin,1954,1954,0,,HISTADD_phil_martin
77479,Ronald Martin,1961,1961,0,,HISTADD_whitey_martin
77480,Slater Martin,1949,1959,0,,HISTADD_slater_martin
1631213,Tyrese Martin,2022,2026,0,,tyrese_martin
1643568,Nick Martinelli,2026,2026,0,,nick_martinelli
1642942,Jahmai Mashack,2025,2026,0,,jahmai_mashack
469,Jamal Mashburn,1993,2003,0,,jamal_mashburn
77482,Al Masino,1952,1953,0,,HISTADD_al_masino
193,Anthony Mason,1989,2002,0,,anthony_mason
2046,Desmond Mason,2000,2009,0,,desmond_mason
1628412,Frank Mason III,2017,2020,0,,frank_mason
2427,Roger Mason Jr.,2002,2013,0,,roger_mason jr.
763,Tony Massenburg,1990,2004,0,,tony_massenburg
77483,Eddie Mast,1970,1972,0,,HISTADD_eddie_mast
1628999,Yante Maten,2018,2018,0,,yaten_maten
1629726,Garrison Mathews,2019,2025,1,ATL,garrison_mathews
1628493,Mangok Mathiang,2017,2017,0,,mangok_mathiang
1629751,Dakota Mathias,2020,2021,0,,dakota_mathias
1631097,Bennedict Mathurin,2022,2026,1,IND,bennedict_mathurin
1631255,Karlo Matković,2024,2026,0,,karlo_matkovic
77484,Wes Matthews,1980,1989,0,,HISTADD_wes_matthews
202083,Wesley Matthews,2009,2023,1,ATL,wesley_matthews
77485,Ariel Maughan,1946,1950,0,,HISTADD_ace_maughan
77486,Marlon Maxey,1992,1993,0,,HISTADD_marlon_maxey
1630178,Tyrese Maxey,2020,2026,1,PHI,tyrese_maxey
101131,Jason Maxiell,2005,2014,0,,jason_maxiell
77487,Cedric Maxwell,1977,1987,0,,HISTADD_cedric_maxwell
137,Vernon Maxwell,1988,2000,0,,vernon_maxwell
77489,Don May,1968,1974,0,,HISTADD_don_may
77490,Scott May,1976,1982,0,,HISTADD_scott_may
101118,Sean May,2005,2009,0,,sean_may
195,Lee Mayberry,1992,1998,0,,lee_mayberry
77492,Clyde Mayes,1975,1976,0,,HISTADD_clyde_mayes
77493,Tharon Mayes,1991,1991,0,,HISTADD_tharon_mayes
77495,Bill Mayfield,1980,1980,0,,HISTADD_bill_mayfield
77494,Ken Mayfield,1975,1975,0,,HISTADD_ken_mayfield
201953,Eric Maynor,2009,2013,0,,eric_maynor
201564,O.J. Mayo,2008,2015,0,,o.j._mayo
1630219,Skylar Mays,2020,2023,1,LAL,skylar_mays
77496,Travis Mays,1990,1992,0,,HISTADD_travis_mays
77497,Matt Mazza,1949,1949,0,,HISTADD_matt_mazza
1643024,Chris Mañon,2025,2026,0,,chris_manon
201601,Luc Mbah a Moute,2008,2019,0,,luc_mbah a moute
1643016,Bez Mbeng,2025,2026,0,,bez_mbeng
2788,DJ Mbenga,2004,2010,0,,dj_mbenga
77498,Bob McAdoo,1972,1985,0,,HISTADD_bob_mcadoo
203949,James Michael McAdoo,2014,2017,0,,james michael_mcadoo
77499,Ken McBride,1954,1954,0,,HISTADD_ken_mcbride
1630540,Miles McBride,2021,2026,1,NYK,miles_mcbride
1642272,Jared McCain,2024,2026,0,,tmp_jared_mccain
1628769,Tahjere McCall,2018,2018,0,,tahjere_mccall
203492,Ray McCallum,2013,2015,0,,ray_mccallum
737,Bob McCann,1989,1997,0,,bob_mccann
77500,Brendan McCann,1957,1959,0,,HISTADD_brendan_mccann
77502,Mel McCants,1989,1989,0,,HISTADD_mel_mccants
101119,Rashad McCants,2005,2008,0,,rashad_mccants
77503,Mike McCarron,1946,1949,0,,HISTADD_mike_mccarron
77504,Andre McCarter,1976,1980,0,,HISTADD_andre_mccarter
77505,Willie McCarter,1969,1971,0,,HISTADD_willie_mccarter
77506,Johnny McCarthy,1956,1963,0,,HISTADD_johnny_mccarthy
77507,Howie McCarty,1946,1946,0,,HISTADD_howie_mccarty
1820,Kelly McCarty,1998,1998,0,,kelly_mccarty
962,Walter McCarty,1996,2005,0,,walter_mccarty
1043,Amal McCaskill,1996,2003,0,,amal_mccaskill
1627775,Patrick McCaw,2016,2020,0,,patrick_mccaw
77509,Dwayne McClain,1985,1985,0,,HISTADD_dwayne_mcclain
77510,"Ted, Hound Dog McClain",1976,1978,0,,HISTADD_ted_mcclain
2082,Dan McClintock,2000,2000,0,,dan_mcclintock
77512,Jack McCloskey,1952,1952,0,,HISTADD_jack_mccloskey
45,George McCloud,1989,2002,0,,george_mccloud
1630644,Mac McClung,2021,2026,0,,mac_mcclung
203468,CJ McCollum,2013,2026,1,NOP,cj_mccollum
77513,John McConathy,1951,1951,0,,HISTADD_john_mcconathy
77514,Paul McConnell,1952,1952,0,,HISTADD_bucky_mcconnell
204456,T.J. McConnell,2015,2026,1,IND,t.j._mcconnell
77515,Keith McCord,1980,1980,0,,HISTADD_keith_mccord
77516,Tim McCormick,1984,1991,0,,HISTADD_tim_mccormick
1741,Jelani McCoy,1998,2007,0,,jelani_mccoy
77517,Paul McCracken,1972,1976,0,,HISTADD_paul_mccracken
200840,Chris McCray,2006,2006,0,,chris_mccray
1622,Rodney McCray,1983,1992,0,,rodney_mccray
77518,Scooter McCray,1983,1986,0,,HISTADD_scooter_mccray
1628571,Erik McCree,2017,2017,0,,erik_mccree
1641755,Kevin McCullar Jr.,2024,2026,0,,kevin_mccullar_jr
1626191,Chris McCullough,2015,2017,0,,chris_mccullough
77520,John McCullough,1981,1981,0,,HISTADD_john_mccullough
723,Clint McDaniel,1995,1995,0,,clint_mcdaniel
1365,Xavier McDaniel,1985,1997,0,,xavier_mcdaniel
1630183,Jaden McDaniels,2020,2026,1,MIN,jaden_mcdaniels
1629667,Jalen McDaniels,2019,2024,1,TOR,jalen_mcdaniels
77523,Jim McDaniels,1971,1977,0,,HISTADD_jim_mcdaniels
203909,KJ McDaniels,2014,2016,0,,kj_mcdaniels
203926,Doug McDermott,2014,2026,1,IND,doug_mcdermott
1630253,Sean McDermott,2020,2020,0,,sean_mcdermott
77524,Ben McDonald,1985,1988,0,,HISTADD_ben_mcdonald
77525,Glenn McDonald,1974,1976,0,,HISTADD_glenn_mcdonald
1075,Michael McDonald,1997,1997,0,,michael_mcdonald
77527,Hank McDowell,1981,1986,0,,HISTADD_hank_mcdowell
686,Antonio McDyess,1995,2010,0,,antonio_mcdyess
77528,Jim McElroy,1975,1981,0,,HISTADD_jim_mcelroy
200829,Ivan McFarlin,2006,2006,0,,ivan_mcfarlin
77529,Mel McGaha,1948,1948,0,,HISTADD_mel_mcgaha
203956,Mitch McGary,2014,2015,0,,mitch_mcgary
201580,JaVale McGee,2008,2023,1,SAC,javale_mcgee
77530,Mike McGee,1981,1989,0,,HISTADD_mike_mcgee
77531,Bill McGill,1962,1964,0,,HISTADD_thehill_mcgill
77532,George McGinnis,1975,1981,0,,HISTADD_george_mcginnis
77533,Jon McGlocklin,1965,1975,0,,HISTADD_jon_mcglocklin
1631121,Bryce McGowens,2022,2026,1,CHA,bryce_mcgowens
1503,Tracy McGrady,1997,2012,0,,tracy_mcgrady
77534,Gil McGregor,1971,1971,0,,HISTADD_gil_mcgregor
1630787,Cameron McGriff,2021,2021,0,,cameron_mcgriff
203585,Rodney McGruder,2016,2022,0,,rodney_mcgruder
77536,Al McGuire,1951,1954,0,,HISTADD_al_mcguire
77535,Allie McGuire,1973,1973,0,,HISTADD_allie_mcguire
77537,Dick McGuire,1949,1959,0,,HISTADD_dick_mcguire
201187,Dominic McGuire,2007,2012,0,,dominic_mcguire
1450,Kevin McHale,1980,1992,0,,kevin_mchale
29,Jim McIlvaine,1994,2000,0,,jim_mcilvaine
976,Jeff McInnis,1996,2007,0,,jeff_mcinnis
77540,Kenny McIntosh,1971,1974,0,,HISTADD_kenny_mcintosh
77541,Kevin McKenna,1981,1987,0,,HISTADD_kevin_mckenna
77542,Forrest McKenzie,1986,1986,0,,HISTADD_forrest_mckenzie
77543,Stan McKenzie,1967,1973,0,,HISTADD_stan_mckenzie
365,Derrick McKey,1987,2001,0,,derrick_mckey
243,Aaron McKie,1994,2006,0,,aaron_mckie
77547,Billy McKinney,1978,1985,0,,HISTADD_billy_mckinney
77545,Carlton McKinney,1989,1991,0,,HISTADD_carlton_mckinney
77546,Horace McKinney,1946,1951,0,,HISTADD_bones_mckinney
203590,Trey McKinney-Jones,2017,2017,0,,trey_mckinney-jones
1628035,Alfonzo McKinnie,2017,2021,0,,alfonzo_mckinnie
1630605,JaQuori McLaughlin,2021,2021,0,,jaquori_mclaughlin
1629162,Jordan McLaughlin,2019,2026,1,MIN,jordan_mclaughlin
203463,Ben McLemore,2013,2021,0,,ben_mclemore
77548,Mccoy McLemore,1964,1971,0,,HISTADD_mccoy_mclemore
77549,George McLeod,1952,1952,0,,HISTADD_george_mcleod
2693,Keith McLeod,2003,2006,0,,keith_mcleod
1728,Roshown McLeod,1998,2000,0,,roshown_mcleod
77551,Jack McMahon,1952,1959,0,,HISTADD_jack_mcmahon
203,Nate McMillan,1986,1997,0,,nate_mcmillan
77553,Tom McMillen,1975,1985,0,,HISTADD_tom_mcmillen
77554,Jim McMillian,1970,1978,0,,HISTADD_jim_mcmillian
77555,Shellie McMillon,1958,1961,0,,HISTADD_shellie_mcmillon
77556,Mal McMullan,1949,1950,0,,HISTADD_mal_mcmullan
77557,Chet McNabb,1947,1947,0,,HISTADD_chet_mcnabb
77558,Mark McNamara,1982,1990,0,,HISTADD_mark_mcnamara
77559,Joe McNamee,1950,1951,0,,HISTADD_joe_mcnamee
202077,Jerel McNeal,2012,2014,0,,jerel_mcneal
77560,Chris McNealy,1985,1987,0,,HISTADD_chris_mcnealy
1642862,Liam McNeeley,2025,2026,0,,liam_mcneeley
77562,Bob McNeill,1960,1961,0,,HISTADD_bob_mcneill
77561,Larry McNeill,1973,1978,0,,HISTADD_thehawk_mcneill
77563,Carl McNulty,1954,1954,0,,HISTADD_carl_mcnulty
2101,Paul McPherson,2000,2000,0,,paul_mcpherson
77565,Cozell McQueen,1986,1986,0,,HISTADD_cozell_mcqueen
203895,Jordan McRae,2015,2019,0,,jordan_mcrae
77566,Thales McReynolds,1965,1965,0,,HISTADD_thales_mcreynolds
201177,Josh McRoberts,2007,2017,0,,josh_mcroberts
1629098,Jack McVeigh,2024,2024,0,,jack_mcveigh
77567,Eric McWilliams,1972,1972,0,,HISTADD_eric_mcwilliams
77568,George Mearns,1946,1947,0,,HISTADD_george_mearns
2098,Slava Medvedenko,2000,2006,0,,slava_medvedenko
1577,Darnell Mee,1993,1994,0,,darnell_mee
201975,Jodie Meeks,2009,2018,0,,jodie_meeks
77570,Cliff Meely,1971,1975,0,,HISTADD_cliff_meely
77571,Scott Meents,1989,1990,0,,HISTADD_scott_meents
77572,Dick Mehen,1949,1951,0,,HISTADD_dick_mehen
77573,Don Meineke,1952,1957,0,,HISTADD_monk_meineke
77574,Carl Meinhold,1947,1948,0,,HISTADD_red_meinhold
1626257,Salah Mejri,2015,2018,0,,salah_mejri
203539,Gal Mekel,2013,2014,0,,gal_mekel
77576,Bill Melchionni,1966,1967,0,,HISTADD_bill_melchionni
77575,Gary Melchionni,1973,1974,0,,HISTADD_gary_melchionni
1629740,Nicolo Melli,2019,2020,0,,nicolo_melli
203097,Fab Melo,2012,2012,0,,fab_melo
1629001,De'Anthony Melton,2018,2026,1,PHI,deanthony_melton
77577,Ed Melvin,1946,1946,0,,HISTADD_ed_melvin
77578,Dean Meminger,1971,1976,0,,HISTADD_thedream_meminger
77579,Chuck Mencel,1955,1956,0,,HISTADD_chuck_mencel
77580,John Mengelt,1971,1980,0,,HISTADD_crash_mengelt
77581,Ken Menke,1949,1949,0,,HISTADD_angles_menke
1641877,Nathan Mensah,2023,2023,0,,nathan_mensah
200822,Pops Mensah-Bonsu,2006,2010,0,,pops_mensah-bonsu
1500,Ron Mercer,1997,2004,0,,ron_mercer
77582,Joe Meriweather,1975,1984,0,,HISTADD_joe_meriweather
77583,Porter Meriwether,1962,1962,0,,HISTADD_porter_meriwether
1630241,Sam Merrill,2020,2026,1,CLE,sam_merrill
77584,Tom Meschery,1961,1970,0,,HISTADD_tom_meschery
1629002,Chimezie Metu,2018,2023,1,DET,chimezie_metu
684,Loren Meyer,1995,1998,0,,loren_meyer
77586,Dave Meyers,1975,1979,0,,HISTADD_dave_meyers
77587,Stan Miasek,1946,1952,0,,HISTADD_stan_miasek
77588,Larry Micheaux,1983,1984,0,,HISTADD_larry_micheaux
203995,Vasilije Micic,2023,2024,1,CHA,vasilije_micic
1626175,Jordan Mickey,2015,2017,0,,jordan_mickey
203114,Khris Middleton,2012,2026,1,MIL,khris_middleton
77589,Zigmund Mihalik,1946,1946,0,,HISTADD_red_mihalik
2036,Chris Mihm,2000,2008,0,,chris_mihm
1628450,Eric Mika,2019,2019,0,,eric_mika
77590,Ed Mikan,1948,1953,0,,HISTADD_ed_mikan
600012,George Mikan,1948,1955,0,,HISTADD_george_mikan
77591,Larry Mikan,1970,1970,0,,HISTADD_larry_mikan
77593,Vern Mikkelsen,1949,1958,0,,HISTADD_vern_mikkelsen
77594,Al Miksis,1949,1949,0,,HISTADD_al_miksis
101223,Aaron Miles,2005,2005,0,,aaron_miles
101139,CJ Miles,2005,2021,0,,cj_miles
2032,Darius Miles,2000,2008,0,,darius_miles
77596,Eddie Miles,1963,1971,0,,HISTADD_eddie_miles
1527,Marko Milic,1997,1998,0,,marko_milic
2545,Darko Milicic,2003,2012,0,,darko_milicic
77598,Nat Militzok,1946,1946,0,,HISTADD_nat_militzok
1889,Andre Miller,1999,2015,0,,andre_miller
292,Anthony Miller,1994,2004,0,,anthony_miller
1642394,Baba Miller,2026,2026,0,,baba_miller
77605,Bill Miller,1948,1948,0,,HISTADD_bill_miller
77603,Bob Miller,1983,1983,0,,HISTADD_bob_miller
1802,Brad Miller,1998,2011,0,,brad_miller
1641706,Brandon Miller,2023,2026,1,CHA,brandon_miller
203121,Darius Miller,2012,2020,0,,darius_miller
77602,Dick Miller,1980,1980,0,,HISTADD_dick_miller
77599,Eddie Miller,1952,1953,0,,HISTADD_eddie_miller
1641801,Emanuel Miller,2024,2026,0,,emanuel_miller
77600,Harry Miller,1946,1946,0,,HISTADD_moose_miller
77601,Jay Miller,1967,1968,0,,HISTADD_jayjay_miller
1641757,Jordan Miller,2023,2026,1,LAC,jordan_miller
1631159,Leonard Miller,2023,2026,1,MIN,leonard_miller
1626259,Malcolm Miller,2017,2019,0,,malcolm_miller
2034,Mike Miller,2000,2016,0,,mike_miller
932,Oliver Miller,1992,2003,0,,oliver_miller
203113,Quincy Miller,2012,2014,0,,quincy_miller
397,Reggie Miller,1987,2004,0,,reggie_miller
77604,Walt Miller,1946,1946,0,,HISTADD_walt_miller
168,Chris Mills,1993,2002,0,,chris_mills
77606,John Mills,1946,1946,0,,HISTADD_longjohn_mills
201988,Patty Mills,2009,2024,1,MIA,patty_mills
371,Terry Mills,1990,2000,0,,terry_mills
202407,Elijah Millsap,2014,2016,0,,elijah_millsap
200794,Paul Millsap,2006,2021,0,,paul_millsap
1629003,Shake Milton,2018,2024,1,NYK,shake_milton
1631303,Justin Minaya,2022,2024,1,POR,justin_minaya
114,Harold Miner,1992,1995,0,,harold_miner
1642434,Riley Minix,2024,2026,0,,riley_minix
77609,Dirk Minniefield,1985,1987,0,,HISTADD_dirk_minniefield
77610,Dave Minor,1951,1952,0,,HISTADD_dave_minor
65,Greg Minor,1994,1998,0,,greg_minor
77612,Mark Minor,1972,1972,0,,HISTADD_mark_minor
1631169,Josh Minott,2022,2026,1,MIN,josh_minott
202703,Nikola Mirotic,2014,2018,0,,nikola_mirotic
77613,Wat Misaka,1947,1947,0,,HISTADD_wat_misaka
1954,Jason Miskiri,1999,1999,0,,jason_miskiri
1642274,Yves Missi,2024,2026,0,,tmp_yves_missi
1642349,Ajay Mitchell,2024,2026,0,,ajay_mitchell
1630558,Davion Mitchell,2021,2026,1,SAC,davion_mitchell
1641759,Dillon Mitchell,2026,2026,0,,dillon_mitchell
1628378,Donovan Mitchell,2017,2026,1,CLE,donovan_mitchell
77615,Mike Mitchell,1978,1987,0,,HISTADD_mike_mitchell
77616,Murray Mitchell,1949,1949,0,,HISTADD_murray_mitchell
417,Sam Mitchell,1989,2001,0,,sam_mitchell
77614,Todd Mitchell,1988,1988,0,,HISTADD_todd_mitchell
203183,Tony Mitchell,2013,2013,0,,tony_mitchell
203502,Tony Mitchell,2013,2013,0,,tony_mitchell
1628513,Naz Mitrou-Long,2017,2019,0,,naz_mitrou-long
77618,Steve Mix,1969,1982,0,,HISTADD_steve_mix
77619,Bill Mlkvy,1952,1952,0,,HISTADD_bill_mlkvy
1749,Cuttino Mobley,1998,2008,0,,cuttino_mobley
211,Eric Mobley,1994,1996,0,,eric_mobley
1630596,Evan Mobley,2021,2026,1,CLE,evan_mobley
1630600,Isaiah Mobley,2022,2024,1,CLE,isaiah_mobley
77621,Larry Moffett,1977,1977,0,,HISTADD_larry_moffett
1642367,Jonathan Mogbo,2024,2026,0,,jonathan_mogbo
77622,Leo Mogus,1946,1950,0,,HISTADD_leo_mogus
1737,Nazr Mohammed,1998,2015,0,,nazr_mohammed
2040,Jerome Moiso,2000,2004,0,,jerome_moiso
77623,Paul Mokeski,1979,1990,0,,HISTADD_paul_mokeski
1629690,Adam Mokoka,2019,2020,0,,adam_mokoka
77624,Jack Molinas,1953,1953,0,,HISTADD_jack_molinas
77625,Wayne Molis,1966,1966,0,,HISTADD_wayne_molis
77626,Sidney Moncrief,1979,1990,0,,HISTADD_sidney_moncrief
1631320,Chima Moneke,2022,2022,0,,tmp_chima_moneke
77627,Eric Money,1974,1979,0,,HISTADD_eric_money
2752,Sergei Monia,2005,2005,0,,sergei_monia
1628370,Malik Monk,2017,2026,1,SAC,malik_monk
600006,Earl Monroe,1967,1979,0,,HISTADD_earl_monroe
202328,Greg Monroe,2010,2021,0,,greg_monroe
77628,Rodney Monroe,1991,1991,0,,HISTADD_rodney_monroe
1626242,Luis Montero,2015,2017,0,,luis_montero
77630,Howie Montgomery,1962,1962,0,,HISTADD_howie_montgomery
376,Eric Montross,1994,2002,0,,eric_montross
1630541,Moses Moody,2021,2026,1,GSW,moses_moody
200081,Jamario Moon,2007,2011,0,,jamario_moon
1629875,Xavier Moon,2021,2023,1,LAC,xavier_moon
77631,Jim Mooney,1952,1952,0,,HISTADD_jim_mooney
1629760,Matt Mooney,2019,2021,0,,matt_mooney
77632,Andre Moore,1987,1987,0,,HISTADD_andre_moore
1628500,Ben Moore,2017,2018,0,,ben_moore
202734,E'Twaun Moore,2011,2020,0,,e'twaun_moore
77634,Jackie Moore,1954,1956,0,,HISTADD_jackie_moore
77633,Johnny Moore,1980,1989,0,,HISTADD_johnny_moore
77635,Lowes Moore,1980,1982,0,,HISTADD_lowes_moore
1630,Mikki Moore,1998,2011,0,,mikki_moore
77636,Otto Moore,1968,1976,0,,HISTADD_otto_moore
77637,Ron Moore,1987,1987,0,,HISTADD_ron_moore
1631386,Taze Moore,2023,2024,0,,taze_moore
929,Tracy Moore,1991,1996,0,,tracy_moore
1631111,Wendell Moore Jr.,2022,2026,1,MIN,wendell_moore
1631457,Alex Morales,2025,2026,0,,alex_morales
1629630,Ja Morant,2019,2026,1,MEM,ja_morant
203961,Eric Moreland,2014,2018,0,,eric_moreland
77639,Jackie Moreland,1960,1964,0,,HISTADD_jackie_moreland
77640,Guy Morgan,1982,1982,0,,HISTADD_guy_morgan
1629752,Juwan Morgan,2019,2021,0,,juwan_morgan
77641,Rex Morgan,1970,1971,0,,HISTADD_rex_morgan
77642,Elmo Morgenthaler,1946,1948,0,,HISTADD_elmo_morgenthaler
77644,Darren Morningstar,1993,1993,0,,HISTADD_darren_morningstar
356,Chris Morris,1988,1998,0,,chris_morris
202721,Darius Morris,2011,2014,0,,darius_morris
77647,Isaiah Morris,1992,1992,0,,HISTADD_isaiah_morris
1628537,Jaylen Morris,2017,2021,0,,jaylen_morris
202693,Markieff Morris,2011,2024,1,DAL,markieff_morris
77646,Max Morris,1949,1949,0,,HISTADD_max_morris
1628420,Monte Morris,2017,2025,1,MIN,monte_morris
201043,Randolph Morris,2006,2009,0,,randolph_morris
2242,Terence Morris,2001,2005,0,,terence_morris
202694,Marcus Morris Sr.,2011,2023,1,CLE,marcus_morris
200747,Adam Morrison,2006,2009,0,,adam_morrison
77648,Dwight Morrison,1954,1957,0,,HISTADD_red_morrison
77649,Mike Morrison,1989,1989,0,,HISTADD_mike_morrison
201627,Anthony Morrow,2008,2016,0,,anthony_morrow
132,Dwayne Morton,1994,1994,0,,dwayne_morton
1972,John Morton,1989,1991,0,,john_morton
77652,Richard Morton,1988,1988,0,,HISTADD_richard_morton
77653,Glenn Mosley,1977,1978,0,,HISTADD_glenn_mosley
77654,Perry Moss,1985,1986,0,,HISTADD_perry_moss
734,Lawrence Moten,1995,1997,0,,lawrence_moten
202700,Donatas Motiejunas,2012,2018,0,,donatas_motiejunas
1628405,Johnathan Motley,2017,2019,0,,johnathan_motley
2069,Hanno Mottola,2000,2001,0,,hanno_mottola
203102,Arnett Moultrie,2012,2013,0,,arnett_moultrie
297,Alonzo Mourning,1992,2007,0,,alonzo_mourning
202389,Timofey Mozgov,2010,2018,0,,timofey_mozgov
77657,Chuck Mrazovich,1950,1950,0,,HISTADD_chuck_mrazovich
1626144,Emmanuel Mudiay,2015,2021,0,,emmanuel_mudiay
77658,Erwin Mueller,1966,1972,0,,HISTADD_erwin_mueller
203498,Shabazz Muhammad,2013,2017,0,,shabazz_muhammad
1628539,Mychal Mulder,2019,2021,0,,mychal_mulder
77659,Joe Mullaney,1949,1949,0,,HISTADD_joe_mullaney
77660,Bob Mullens,1946,1946,0,,HISTADD_bob_mullens
201957,Byron Mullens,2009,2013,0,,byron_mullens
904,Chris Mullin,1985,2000,0,,chris_mullin
77662,Jeff Mullins,1964,1975,0,,HISTADD_jeff_mullins
942,Todd Mundt,1995,1995,0,,todd_mundt
204098,Xavier Munford,2015,2017,0,,xavier_munford
77664,Chris Munk,1990,1990,0,,HISTADD_chris_munk
77665,George Munroe,1946,1947,0,,HISTADD_george_munroe
785,Eric Murdock,1991,1999,0,,eric_murdock
49,Gheorghe Muresan,1993,1999,0,,gheorghe_muresan
1630278,Ade Murkey,2021,2021,0,,ade_murkey
77668,Allen Murphy,1976,1976,0,,HISTADD_allen_murphy
77669,Calvin Murphy,1970,1982,0,,HISTADD_calvin_murphy
77672,Dick Murphy,1946,1946,0,,HISTADD_dick_murphy
203513,Erik Murphy,2013,2013,0,,erik_murphy
77670,Jay Murphy,1984,1987,0,,HISTADD_jay_murphy
77671,John Murphy,1946,1946,0,,HISTADD_moe_murphy
203122,Kevin Murphy,2012,2012,0,,kevin_murphy
77673,Ronnie Murphy,1987,1987,0,,HISTADD_ronnie_murphy
77674,Tod Murphy,1987,1993,0,,HISTADD_tod_murphy
2211,Troy Murphy,2001,2012,0,,troy_murphy
1630530,Trey Murphy III,2021,2026,1,NOP,trey_murphy_iii
1627749,Dejounte Murray,2016,2026,1,ATL,dejounte_murray
2436,Flip Murray,2002,2009,0,,flip_murray
1627750,Jamal Murray,2016,2026,1,DEN,jamal_murray
1631099,Keegan Murray,2022,2026,1,SAC,keegan_murray
77675,Ken Murray,1950,1954,0,,HISTADD_ken_murray
1631200,Kris Murray,2023,2026,1,POR,kris_murray
441,Lamond Murray,1994,2005,0,,lamond_murray
145,Tracy Murray,1992,2003,0,,tracy_murray
1642867,Collin Murray-Boyles,2025,2026,0,,collin_murray-boyles
77676,Dorie Murrey,1966,1971,0,,HISTADD_dorie_murrey
203315,Toure' Murry,2013,2014,0,,toure'_murry
1629058,Dzanan Musa,2018,2019,0,,dzanan_musa
203488,Mike Muscala,2013,2023,1,OKC,mike_muscala
77677,Angelo Musi,1946,1948,0,,HISTADD_angelo_musi
1054,Jerrod Mustaf,1990,1993,0,,jerrod_mustaf
87,Dikembe Mutombo,1991,2008,0,,dikembe_mutombo
982,Martin Muursepp,1996,1997,0,,martin_muursepp
939,Pete Myers,1986,1997,0,,pete_myers
1629004,Svi Mykhailiuk,2018,2026,1,BOS,sviatoslav_mykhailiuk
1823,Makhtar N'diaye,1998,1998,0,,makhtar_n'diaye
2055,Mamadou N'diaye,2000,2004,0,,mamadou_n'diaye
77681,Bob Naber,1952,1952,0,,HISTADD_bob_naber
77682,Boris Nachamkin,1954,1954,0,,HISTADD_boris_nachamkin
2411,Bostjan Nachbar,2002,2007,0,,bostjan_nachbar
1627846,Abdel Nader,2017,2021,0,,abdel_nader
77683,Jerry Nagel,1949,1949,0,,HISTADD_jerry_nagel
77684,Fred Nagy,1948,1948,0,,HISTADD_fritz_nagy
1924,Lee Nailon,2000,2005,0,,lee_nailon
2059,Eduardo Najera,2000,2011,0,,eduardo_najera
77685,Larry Nance,1981,1993,0,,HISTADD_larry_nance
1631250,Pete Nance,2023,2026,1,CLE,pete_nance
1626204,Larry Nance Jr.,2015,2026,1,NOP,larry_nance_jr
203894,Shabazz Napier,2014,2019,0,,shabazz_napier
77686,Paul Napolitano,1948,1948,0,,HISTADD_paul_napolitano
77688,Bob Nash,1972,1978,0,,HISTADD_bob_nash
77687,Charles Nash,1964,1964,0,,HISTADD_cotton_nash
959,Steve Nash,1996,2013,0,,steve_nash
77689,Swen Nater,1976,1983,0,,HISTADD_swen_nater
77690,Howard Nathan,1995,1995,0,,HISTADD_howard_nathan
77691,Calvin Natt,1979,1989,0,,HISTADD_calvin_natt
77692,Kenny Natt,1980,1984,0,,HISTADD_kenny_natt
77693,Willie Naulls,1956,1965,0,,HISTADD_willie_naulls
2434,Juan Carlos Navarro,2007,2007,0,,juan carlos_navarro
202380,Hamady Ndiaye,2010,2013,0,,hamady_ndiaye
101238,Boniface Ndong,2005,2005,0,,boniface_ndong
1626254,Maurice Ndour,2016,2016,0,,maurice_ndour
77694,Craig Neal,1988,1990,0,,HISTADD_craig_neal
202390,Gary Neal,2010,2016,0,,gary_neal
77695,Jim Neal,1953,1954,0,,HISTADD_jim_neal
77696,Lloyd Neal,1972,1978,0,,HISTADD_lloyd_neal
77697,Ed Nealy,1982,1992,0,,HISTADD_ed_nealy
203517,Nemanja Nedovic,2013,2013,0,,nemanja_nedovic
77698,Al Negratti,1946,1946,0,,HISTADD_al_negratti
77699,Barry Nelson,1971,1971,0,,HISTADD_barry_nelson
201634,DeMarcus Nelson,2008,2008,0,,demarcus_nelson
77700,Don Nelson,1962,1975,0,,HISTADD_nellie_nelson
1641761,Grant Nelson,2025,2025,0,,grant_nelson
1643593,Izaiyah Nelson,2026,2026,0,,izaiyah_nelson
2749,Jameer Nelson,2004,2017,0,,jameer_nelson
77701,Louie Nelson,1973,1977,0,,HISTADD_sweets_nelson
1629614,Andrew Nembhard,2022,2026,1,IND,andrew_nembhard
1129,Ruben Nembhard,1996,1996,0,,ruben_nembhard
1642948,Ryan Nembhard,2025,2026,0,,ryan_nembhard
1630612,Ruben Nembhard Jr.,2021,2021,0,,rj_nembhard_jr
1838,Tyrone Nesby,1998,2001,0,,tyrone_nesby
1630174,Aaron Nesmith,2020,2026,1,IND,aaron_nesmith
77704,Martin Nessley,1987,1987,0,,HISTADD_martin_nessley
1725,Rasho Nesterovic,1998,2009,0,,rasho_nesterovic
203526,Raul Neto,2015,2022,0,,raul_neto
77705,Johnny Neumann,1976,1977,0,,HISTADD_johnny_neumann
77706,Paul Neumann,1961,1966,0,,HISTADD_paul_neumann
77707,Chuck Nevitt,1982,1993,0,,HISTADD_chuck_nevitt
1116,Melvin Newbern,1992,1992,0,,melvin_newbern
1096,Ivano Newbill,1994,1997,0,,ivano_newbill
1956,Ira Newble,2000,2007,0,,ira_newble
1642854,Asa Newell,2025,2026,0,,tmp_asa_newell
77710,Mike Newlin,1971,1981,0,,HISTADD_mike_newlin
271,Johnny Newman,1986,2001,0,,johnny_newman
1629005,Malik Newman,2019,2021,0,,malik_newman
77712,Dave Newmark,1968,1969,0,,HISTADD_dave_newmark
1641803,Tristen Newton,2024,2026,0,,tristen_newton
1643712,Narcisse Ngoy,2026,2026,0,,narcisse_ngoy
1627777,Georges Niang,2016,2024,1,CLE,georges_niang
201193,Demetris Nichols,2007,2008,0,,demetris_nichols
77713,Jack Nichols,1948,1957,0,,HISTADD_jack_nichols
203094,Andrew Nicholson,2012,2016,0,,andrew_nicholson
1643589,Tyler Nickel,2026,2026,0,,tyler_nickel
1093,Gaylon Nickerson,1996,1996,0,,gaylon_nickerson
77715,Carl Nicks,1980,1982,0,,HISTADD_carl_nicks
1642949,Yanic Konan Niederhäuser,2025,2026,0,,yanic_konan_niederhauser
77716,Rich Niemann,1968,1969,0,,HISTADD_rich_niemann
77717,John Niemiera,1948,1949,0,,HISTADD_richie_niemiera
77718,Mike Niles,1980,1980,0,,HISTADD_mike_niles
77719,Kurt Nimphius,1981,1989,0,,HISTADD_kurt_nimphius
1630227,Daishen Nix,2021,2024,1,MIN,daishen_nix
77720,Dyron Nix,1989,1989,0,,HISTADD_dyron_nix
77721,Norm Nixon,1977,1988,0,,HISTADD_norm_nixon
1630192,Zeke Nnaji,2020,2026,1,DEN,zeke_nnaji
201149,Joakim Noah,2007,2019,0,,joakim_noah
77722,Chuck Noble,1955,1961,0,,HISTADD_chuck_noble
2804,Andres Nocioni,2004,2011,0,,andres_nocioni
200786,David Noel,2006,2006,0,,david_noel
203457,Nerlens Noel,2013,2022,0,,nerlens_noel
77723,Paul Noel,1947,1951,0,,HISTADD_paul_noel
203512,Lucas Nogueira,2014,2017,0,,lucas_nogueira
77724,Jim Nolan,1949,1949,0,,HISTADD_jim_nolan
77725,Paul Nolen,1953,1953,0,,HISTADD_paul_nolen
999,Jeff Nordgaard,1997,1997,0,,jeff_nordgaard
77727,Robert Nordmann,1961,1964,0,,HISTADD_bevo_nordmann
77728,Johnny Norlander,1946,1950,0,,HISTADD_johnny_norlander
77729,Connie Norman,1974,1978,0,,HISTADD_connie_norman
80,Ken Norman,1987,1996,0,,ken_norman
77731,Audie Norris,1982,1984,0,,HISTADD_audie_norris
1641936,Miles Norris,2024,2024,0,,miles_norris
983,Moochie Norris,1996,2005,0,,moochie_norris
77732,Sylvester Norris,1979,1979,0,,HISTADD_sylvester_norris
1629668,Zach Norvell Jr.,2019,2019,0,,zach_norvell_jr
77733,Willie Norwood,1971,1977,0,,HISTADD_willie_norwood
77734,George Nostrand,1946,1949,0,,HISTADD_george_nostrand
77735,Stan Noszka,1946,1948,0,,HISTADD_stan_noszka
77736,Mike Novak,1948,1953,0,,HISTADD_mike_novak
200779,Steve Novak,2006,2016,0,,steve_novak
1629669,Jaylen Nowell,2019,2024,0,,jaylen_nowell
1641806,Markquis Nowell,2023,2023,0,,markquis_nowell
77737,Mel Nowell,1962,1962,0,,HISTADD_mel_nowell
1717,Dirk Nowitzki,1998,2018,0,,dirk_nowitzki
1628373,Frank Ntilikina,2017,2023,0,,frank_ntilikina
1629134,Kendrick Nunn,2018,2022,0,,kendrick_nunn
203263,James Nunnally,2013,2020,0,,james_nunnally
203994,Jusuf Nurkić,2014,2026,1,PHX,jusuf_nurkic
77738,Dennis Nutt,1986,1986,0,,HISTADD_dennis_nutt
1628021,David Nwaba,2016,2021,0,,david_nwaba
1629670,Jordan Nwora,2020,2023,1,TOR,jordan_nwora
1022,Julius Nwosu,1994,1994,0,,julius_nwosu
1525,Charles O'Bannon,1997,1998,0,,charles_o'bannon
709,Ed O'Bannon,1995,1996,0,,ed_o'bannon
77742,John O'Boyle,1952,1952,0,,HISTADD_john_o'boyle
77744,Bob O'Brien,1947,1948,0,,HISTADD_bob_o'brien
77743,Buckshot O'Brien,1951,1952,0,,HISTADD_buckshot_o'brien
1626266,JJ O'Brien,2015,2015,0,,jj_o'brien
200753,Patrick O'Bryant,2006,2009,0,,patrick_o'bryant
203948,Johnny O'Bryant III,2014,2017,0,,johnny_o'bryant_iii
77745,Dermie O'Connell,1948,1949,0,,HISTADD_dermie_o'connell
77746,Andy O'Donnell,1949,1949,0,,HISTADD_andy_o'donnell
77750,Francis O'Grady,1946,1948,0,,HISTADD_buddy_o'grady
77752,Dick O'Keefe,1947,1950,0,,HISTADD_dick_o'keefe
77753,Tommy O'Keefe,1950,1950,0,,HISTADD_tommy_o'keefe
77754,Mike O'Koren,1980,1987,0,,HISTADD_mike_okoren
77766,Grady O'Malley,1969,1969,0,,HISTADD_grady_o'malley
979,Jermaine O'Neal,1996,2013,0,,jermaine_o'neal
406,Shaquille O'Neal,1992,2010,0,,shaquille_o'neal
1626220,Royce O'Neale,2017,2026,1,PHX,royce_o'neale
77767,Mike O'Neill,1952,1952,0,,HISTADD_mike_o'neill
203124,Kyle O'Quinn,2012,2019,0,,kyle_o'quinn
77773,Kevin O'Shea,1950,1952,0,,HISTADD_kevin_o'shea
77774,Garland O'Shields,1946,1946,0,,HISTADD_mule_o'shields
77776,Dan O'Sullivan,1990,1995,0,,HISTADD_dan_osullivan
891,Charles Oakley,1985,2003,0,,charles_oakley
101177,Fabricio Oberto,2005,2010,0,,fabricio_oberto
1627849,Daniel Ochefu,2016,2016,0,,daniel_ochefu
201141,Greg Oden,2007,2013,0,,greg_oden
1885,Lamar Odom,1999,2013,0,,lamar_odom
1642490,Josh Oduro,2025,2026,0,,josh_oduro
77747,Carlos Ogden,1969,1970,0,,HISTADD_bud_ogden
77748,Ralph Ogden,1970,1970,0,,HISTADD_ralph_ogden
1628,Alan Ogg,1990,1992,0,,alan_ogg
77751,Don Ohl,1960,1969,0,,HISTADD_don_ohl
203317,Tim Ohlbrecht,2012,2012,0,,tim_ohlbrecht
1628400,Semi Ojeleye,2017,2021,0,,semi_ojeleye
2731,Emeka Okafor,2004,2017,0,,emeka_okafor
1626143,Jahlil Okafor,2015,2024,0,,jahlil_okafor
1643253,Toby Okani,2025,2025,0,,toby_okani
1629643,Chuma Okeke,2020,2024,1,ORL,chuma_okeke
1629059,Elie Okobo,2018,2019,0,,elie_okobo
1629006,Josh Okogie,2018,2026,1,PHX,josh_okogie
1630168,Onyeka Okongwu,2020,2026,1,ATL,onyeka_okongwu
1643536,Ebuka Okorie,2026,2026,0,,ebuka_okorie
1630171,Isaac Okoro,2020,2026,1,CLE,isaac_okoro
1629644,KZ Okpala,2019,2022,0,,kz_okpala
1643590,Felix Okpara,2026,2026,0,,felix_okpara
2246,Mehmet Okur,2002,2011,0,,mehmet_okur
203506,Victor Oladipo,2013,2022,0,,victor_oladipo
165,Hakeem Olajuwon,1984,2002,0,,hakeem_olajuwon
77756,Mark Olberding,1976,1986,0,,HISTADD_mark_olberding
1642950,Lachlan Olbrich,2025,2026,0,,lachlan_olbrich
77757,Jawann Oldham,1980,1990,0,,HISTADD_jawann_oldham
77758,Johnny Oldham,1949,1950,0,,HISTADD_johnny_oldham
77759,Frank Oleynick,1975,1976,0,,HISTADD_magic_oleynick
1642439,Quincy Olivari,2024,2024,0,,quincy_olivari
77760,John Olive,1978,1979,0,,HISTADD_john_olive
1680,Brian Oliver,1990,1997,0,,brian_oliver
1628419,Cameron Oliver,2020,2021,0,,cameron_oliver
2352,Dean Oliver,2001,2002,0,,dean_oliver
1429,Jimmy Oliver,1991,1998,0,,jimmy_oliver
1563,Kevin Ollie,1997,2009,0,,kevin_ollie
77764,Gene Ollrich,1949,1949,0,,HISTADD_moe_ollrich
1709,Michael Olowokandi,1998,2006,0,,michael_olowokandi
77765,Enoch Olsen,1962,1968,0,,HISTADD_bud_olsen
203482,Kelly Olynyk,2013,2026,1,TOR,kelly_olynyk
1641807,Norchad Omier,2025,2026,0,,norchard_omier
1630647,Eugene Omoruyi,2021,2023,1,WAS,eugene_omoruyi
1629671,Miye Oni,2019,2021,0,,miye_oni
202620,Arinze Onuaku,2013,2016,0,,arinze_onuaku
1627778,Chinanu Onuaku,2016,2017,0,,chinanu_onuaku
1642391,Ugonna Onyenso,2026,2026,0,,ugonna_onyenso
77768,Barry Orms,1968,1968,0,,HISTADD_barry_orms
77769,Johnny Orr,1949,1949,0,,HISTADD_johnny_orr
77770,Louis Orr,1980,1987,0,,HISTADD_louis_orr
77771,Jose Ortiz,1988,1989,0,,HISTADD_jose_ortiz
202350,Daniel Orton,2010,2013,0,,daniel_orton
77772,Chuck Osborne,1961,1961,0,,HISTADD_chuck_osborne
1626224,Cedi Osman,2017,2023,1,SAS,cedi_osman
77775,Wally Osterkorn,1951,1954,0,,HISTADD_wally_osterkorn
731,Greg Ostertag,1995,2005,0,,greg_ostertag
77777,Matt Othick,1992,1992,0,,HISTADD_matt_othick
77778,Don Otten,1949,1952,0,,HISTADD_don_otten
77779,Mac Otten,1949,1949,0,,HISTADD_mac_otten
1630187,Daniel Oturu,2020,2021,0,,daniel_oturu
1626162,Kelly Oubre Jr.,2015,2026,1,PHI,kelly_oubre_jr
448,Bo Outlaw,1993,2007,0,,bo_outlaw
2566,Travis Outlaw,2003,2013,0,,travis_outlaw
77780,Claude Overton,1952,1952,0,,HISTADD_claude_overton
77,Doug Overton,1992,2003,0,,doug_overton
1642923,Otega Oweh,2026,2026,0,,otega_oweh
101261,Andre Owens,2005,2007,0,,andre_owens
182,Billy Owens,1991,2002,0,,billy_owens
2442,Chris Owens,2002,2002,0,,chris_owens
77782,Eddie Owens,1977,1977,0,,HISTADD_eddie_owens
77783,James Owens,1949,1951,0,,HISTADD_red_owens
77784,Jim Owens,1973,1974,0,,HISTADD_jim_owens
77785,Keith Owens,1991,1991,0,,HISTADD_keith_owens
202082,Larry Owens,2010,2011,0,,larry_owens
1629745,Tariq Owens,2019,2019,0,,tariq_owens
77786,Tom Owens,1976,1982,0,,HISTADD_tom_owens
1077,Ray Owes,1996,1996,0,,ray_owes
2071,Olumide Oyedeji,2000,2002,0,,olumide_oyedeji
77788,Joe Pace,1976,1977,0,,HISTADD_joe_pace
2585,Zaza Pachulia,2003,2018,0,,zaza_pachulia
123,Robert Pack,1991,2003,0,,robert_pack
77789,Gerald Paddio,1990,1993,0,,HISTADD_gerald_paddio
1909,Scott Padgett,1999,2006,0,,scott_padgett
1629873,Jaysean Paige,2021,2021,0,,jaysean_paige
1627779,Marcus Paige,2017,2017,0,,marcus_paige
77790,Fred Paine,1948,1948,0,,HISTADD_fred_paine
1960,Milt Palacio,1999,2005,0,,milt_palacio
77791,Togo Palazzi,1954,1959,0,,HISTADD_togo_palazzi
77792,Jim Palmer,1958,1960,0,,HISTADD_jim_palmer
77793,John Palmer,1946,1948,0,,HISTADD_bud_palmer
1629309,Trayvon Palmer,2021,2021,0,,trayvon_palmer
77794,Walter Palmer,1990,1992,0,,HISTADD_walter_palmer
1630698,Kevin Pangos,2021,2021,0,,kevin_pangos
1950,Andy Panko,2000,2000,0,,andy_panko
1627834,Georgios Papagiannis,2016,2017,0,,georgios_papagiannis
203123,Kostas Papanikolaou,2014,2015,0,,kostas_papanikolaou
2457,Jannero Pargo,2002,2014,0,,jannero_pargo
202951,Jeremy Pargo,2011,2019,0,,jeremy_pargo
77797,Estes Parham,1948,1950,0,,HISTADD_easy_parham
305,Robert Parish,1976,1996,0,,robert_parish
77799,Medford Park,1955,1959,0,,HISTADD_med_park
1515,Anthony Parker,1997,2011,0,,anthony_parker
203953,Jabari Parker,2014,2021,0,,jabari_parker
2470,Smush Parker,2002,2007,0,,smush_parker
77800,Sonny Parker,1976,1981,0,,HISTADD_sonny_parker
2225,Tony Parker,2001,2018,0,,tony_parker
77801,Jack Parkinson,1949,1949,0,,HISTADD_jack_parkinson
685,Cherokee Parks,1995,2003,0,,cherokee_parks
77802,Jack Parr,1958,1958,0,,HISTADD_jack_parr
77803,Doyle Parrack,1946,1946,0,,HISTADD_doyle_parrack
77804,Charlie Parsley,1949,1949,0,,HISTADD_charlie_parsley
202718,Chandler Parsons,2011,2019,0,,chandler_parsons
1629672,Eric Paschall,2019,2021,0,,eric_paschall
1628394,Anžejs Pasečņiks,2019,2020,0,,anzejs_pasecniks
1097,Zarko Paspalj,1989,1989,0,,zarko_paspalj
77806,Marty Passaglia,1946,1948,0,,HISTADD_marty_passaglia
77807,George A. Pastushok,1946,1946,0,,HISTADD_george_pastushok
77808,Myles Patrick,1980,1980,0,,HISTADD_myles_patrick
77809,Stan Patrick,1949,1949,0,,HISTADD_stan_patrick
1754,Andrae Patterson,1998,1999,0,,andrae_patterson
77811,George Patterson,1967,1967,0,,HISTADD_george_patterson
203934,Lamar Patterson,2015,2016,0,,lamar_patterson
202335,Patrick Patterson,2010,2020,0,,patrick_patterson
1739,Ruben Patterson,1998,2007,0,,ruben_patterson
77812,Steve Patterson,1971,1975,0,,HISTADD_steve_patterson
77813,Tommy Patterson,1972,1973,0,,HISTADD_tommy_patterson
77814,Worthy Patterson,1957,1957,0,,HISTADD_worthy_patterson
1628383,Justin Patton,2017,2020,0,,justin_patton
203464,Brandon Paul,2017,2017,0,,brandon_paul
101108,Chris Paul,2005,2025,1,GSW,chris_paul
77815,Charlie Paulk,1968,1971,0,,HISTADD_charlie_paulk
77816,Jerry Paulson,1957,1957,0,,HISTADD_jerry_paulson
77817,Billy Paultz,1976,1984,0,,HISTADD_billy_paultz
2562,Sasha Pavlovic,2003,2012,0,,sasha_pavlovic
77818,Jim Paxson,1956,1957,0,,HISTADD_dupp_jim_paxson
77819,Jim Paxson,1979,1989,0,,HISTADD_jim_paxson
77820,John Paxson,1983,1993,0,,HISTADD_john_paxson
77821,Johnny Payak,1949,1952,0,,HISTADD_johnny_payak
203940,Adreian Payne,2014,2017,0,,adreian_payne
1626166,Cameron Payne,2015,2025,1,PHI,cameron_payne
77822,Kenny Payne,1989,1992,0,,HISTADD_kenny_payne
77823,Tom Payne,1971,1971,0,,HISTADD_tom_payne
203901,Elfrid Payton,2014,2024,0,,elfrid_payton
56,Gary Payton,1990,2006,0,,gary_payton
77824,Mel Payton,1951,1952,0,,HISTADD_mel_payton
1627780,Gary Payton II,2016,2026,1,GSW,gary_payton_ii
77825,George Pearcy,1946,1946,0,,HISTADD_wig_pearcy
77826,Henry Pearcy,1946,1946,0,,HISTADD_henry_pearcy
1643520,Koa Peat,2026,2026,0,,koa_peat
1642877,Micah Peavy,2025,2026,0,,micah_peavy
200762,Oleksiy Pecherov,2007,2009,0,,oleksiy_pecherov
77827,Wiley Peck,1979,1979,0,,HISTADD_wiley_peck
1642951,Sean Pedulla,2025,2026,0,,sean_pedulla
324,Anthony Peeler,1992,2004,0,,anthony_peeler
201593,Nikola Pekovic,2010,2016,0,,nikola_pekovic
77828,Jake Pelkington,1948,1948,0,,HISTADD_pelky_pelkington
203658,Norvel Pelle,2019,2021,0,,norvel_pelle
77829,Sam Pellom,1979,1982,0,,HISTADD_sam_pellom
2130,Mike Penberthy,2000,2001,0,,mike_penberthy
1642869,Noah Penda,2025,2026,0,,noah_penda
2667,Desmond Penigar,2003,2003,0,,desmond_penigar
2632,Kirk Penney,2003,2004,0,,kirk_penney
46,Mike Peplowski,1993,1995,0,,mike_peplowski
781,Will Perdue,1988,2000,0,,will_perdue
1641970,Maozinha Pereira,2023,2023,0,,maozinha_pereira
2570,Kendrick Perkins,2003,2017,0,,kendrick_perkins
64,Sam Perkins,1984,2000,0,,sam_perkins
77834,Warren Perkins,1949,1950,0,,HISTADD_red_perkins
200785,Kosta Perovic,2007,2007,0,,kosta_perovic
1628506,London Perrantes,2017,2017,0,,london_perrantes
77835,Curtis Perry,1970,1977,0,,HISTADD_curtis_perry
386,Elliot Perry,1991,2001,0,,elliot_perry
1629617,Reggie Perry,2020,2021,0,,reggie_perry
897,Tim Perry,1988,1995,0,,tim_perry
456,Chuck Person,1986,1999,0,,chuck_person
445,Wesley Person,1994,2004,0,,wesley_person
1643007,Taelon Peter,2025,2026,0,,taelon_peter
1628409,Alec Peters,2017,2017,0,,alec_peters
77839,Jim Petersen,1984,1991,0,,HISTADD_jim_petersen
77840,Loy Petersen,1968,1969,0,,HISTADD_loy_petersen
77843,Bob Peterson,1953,1955,0,,HISTADD_blinky_peterson
1643408,Darryn Peterson,2026,2026,0,,darryn_peterson
1641809,Drew Peterson,2023,2025,1,BOS,drew_peterson
77841,Ed Peterson,1949,1950,0,,HISTADD_ed_peterson
77842,Mel Peterson,1963,1963,0,,HISTADD_mel_peterson
2050,Morris Peterson,2000,2010,0,,morris_peterson
77844,Geoff Petrie,1970,1975,0,,HISTADD_geoff_petrie
101130,Johan Petro,2005,2012,0,,johan_petro
77845,Drazen Petrovic,1989,1992,0,,HISTADD_drazen_petrovic
1630196,Filip Petrusev,2023,2023,0,,filip_petrusev
77846,Richard Petruska,1993,1993,0,,HISTADD_richard_petruska
77847,Bob Pettit,1954,1964,0,,HISTADD_bob_pettit
77848,Roger Phegley,1978,1983,0,,HISTADD_roger_phegley
77850,Jack Phelan,1949,1949,0,,HISTADD_jack_phelan
77849,Jim Phelan,1953,1953,0,,HISTADD_jim_phelan
74,Derrick Phelps,1994,1994,0,,derrick_phelps
77852,Mike Phelps,1985,1987,0,,HISTADD_mike_phelps
77853,Andy Phillip,1947,1957,0,,HISTADD_andy_phillip
1629341,Tarik Phillip,2018,2018,0,,tarik_phillip
77854,Eddie Phillips,1982,1982,0,,HISTADD_eddie_phillips
77855,Gary Phillips,1961,1965,0,,HISTADD_gary_phillips
1641763,Julian Phillips,2023,2026,1,CHI,julian_phillips
184,Bobby Phills,1991,1999,0,,bobby_phills
1642889,Labaron Philon,2026,2026,0,,labaron_philon
15,Eric Piatkowski,1994,2007,0,,eric_piatkowski
1629618,Jalen Pickett,2023,2026,1,DEN,jalen_pickett
1630691,Jamorko Pickett,2021,2021,0,,jamorko_pickett
1718,Paul Pierce,1998,2016,0,,paul_pierce
894,Ricky Pierce,1982,1997,0,,ricky_pierce
1643555,Jaron Pierre Jr.,2026,2026,0,,jaron_pierre_jr
77858,Stan Pietkiewicz,1978,1980,0,,HISTADD_stan_pietkiewicz
2554,Mickael Pietrus,2003,2012,0,,mickael_pietrus
77859,John Pilch,1951,1951,0,,HISTADD_john_pilch
291,Ed Pinckney,1985,1996,0,,ed_pinckney
200838,Kevinn Pinkney,2006,2006,0,,kevinn_pinkney
77861,John Pinone,1983,1983,0,,HISTADD_john_pinone
1629033,Theo Pinson,2018,2022,0,,theo_pinson
77862,Dave Piontek,1956,1962,0,,HISTADD_dave_piontek
77863,Tom Piotrowski,1983,1983,0,,HISTADD_tom_piotrowski
937,Scottie Pippen,1987,2003,0,,scottie_pippen
1630590,Scotty Pippen Jr.,2022,2026,1,MEM,scotty_pippen_jr
77864,Charlie Pittman,1982,1985,0,,HISTADD_charlie_pittman
202354,Dexter Pittman,2010,2013,0,,dexter_pittman
2565,Zoran Planinic,2003,2005,0,,zoran_planinic
202353,Tibor Pleiss,2015,2015,0,,tibor_pleiss
1631342,Daeqwon Plowden,2024,2026,0,,daeqwon_plowden
1627850,Marshall Plumlee,2016,2017,0,,marshall_plumlee
203486,Mason Plumlee,2013,2026,1,LAC,mason_plumlee
203101,Miles Plumlee,2012,2018,0,,miles_plumlee
77865,Gary Plummer,1984,1992,0,,HISTADD_gary_plummer
2750,Pavel Podkolzin,2004,2005,0,,pavel_podkolzin
1641764,Brandin Podziemski,2023,2026,1,GSW,brandon_podziemski
1627751,Jakob Poeltl,2016,2026,1,TOR,jakob_poeltl
1629738,Vincent Poirier,2019,2020,0,,vincent_poirier
1630197,Aleksej Pokusevski,2020,2023,1,CHA,aleksej_pokusevski
77866,Dwayne Polee,1986,1986,0,,HISTADD_dwayne_polee
77867,Jim Pollard,1948,1954,0,,HISTADD_jim_pollard
1513,Scot Pollard,1997,2007,0,,scot_pollard
77868,Ralph Polson,1952,1952,0,,HISTADD_ralph_polson
178,Olden Polynice,1987,2003,0,,olden_polynice
77869,Cliff Pondexter,1975,1977,0,,HISTADD_cliff_pondexter
202347,Quincy Pondexter,2010,2018,0,,quincy_pondexter
1629044,Shamorie Ponds,2019,2019,0,,shamorie_ponds
1630582,Yves Pons,2021,2021,0,,yves_pons
1629673,Jordan Poole,2019,2026,1,WAS,jordan_poole
77870,David Pope,1984,1985,0,,HISTADD_david_pope
998,Mark Pope,1997,2004,0,,mark_pope
77872,Dave Popson,1988,1991,0,,HISTADD_dave_popson
77873,Ben Poquette,1977,1986,0,,HISTADD_ben_poquette
2084,Chris Porter,2000,2000,0,,chris_porter
77875,Howard Porter,1971,1977,0,,HISTADD_geezer_porter
1629007,Jontay Porter,2019,2023,0,,jontay_porter
77876,Kevin Porter,1972,1982,0,,HISTADD_kevin_porter
345,Terry Porter,1985,2001,0,,terry_porter
1641854,Craig Porter Jr.,2023,2026,1,CLE,craig_porter
1629645,Kevin Porter Jr.,2019,2026,0,,kevin_porter_jr
1629008,Michael Porter Jr.,2018,2026,1,DEN,michael_porter_jr
203490,Otto Porter Jr.,2013,2023,0,,otto_porter_jr
1626171,Bobby Portis,2015,2026,1,MIL,bobby_portis
77878,Bob Portman,1969,1972,0,,HISTADD_bob_portman
204001,Kristaps Porziņģis,2015,2026,1,BOS,kristaps_porzingis
1899,James Posey,1999,2010,0,,james_posey
1642366,Quinten Post,2024,2026,0,,quinten_post
2068,Lavor Postell,2000,2002,0,,lavor_postell
958,Vitaly Potapenko,1996,2006,0,,vitaly_potapenko
1630695,Micah Potter,2021,2026,1,UTA,micah_potter
1642967,John Poulakidas,2025,2026,0,,john_poulakidas
200796,Leon Powe,2006,2010,0,,leon_powe
1642962,Drake Powell,2025,2026,0,,drake_powell
203939,Dwight Powell,2014,2026,1,DAL,dwight_powell
2694,Josh Powell,2005,2013,0,,josh_powell
2867,Kasib Powell,2007,2007,0,,kasib_powell
1629619,Myles Powell,2021,2021,0,,myles_powell
1626181,Norman Powell,2015,2026,1,LAC,norman_powell
101232,Roger Powell,2006,2006,0,,roger_powell
1627816,Alex Poythress,2016,2018,0,,alex_poythress
77879,Paul Pressey,1982,1992,0,,HISTADD_paul_pressey
203515,Phil Pressey,2013,2015,0,,phil_pressey
77880,Dominic Pressley,1988,1988,0,,HISTADD_dominic_pressley
77881,Harold Pressley,1986,1989,0,,HISTADD_harold_pressley
1630554,Jason Preston,2021,2023,1,UTA,jason_preston
201985,AJ Price,2009,2014,0,,aj_price
85,Brent Price,1992,2002,0,,brent_price
77883,Jim Price,1972,1978,0,,HISTADD_jim_price
899,Mark Price,1986,1997,0,,mark_price
77884,Mike Price,1970,1972,0,,HISTADD_mike_price
101179,Ronnie Price,2005,2016,0,,ronnie_price
77882,Tony Price,1980,1980,0,,HISTADD_tony_price
77886,Bob Priddy,1952,1952,0,,HISTADD_bob_priddy
203143,Pablo Prigioni,2012,2015,0,,pablo_prigioni
1630563,Joshua Primo,2021,2023,0,,joshua_primo
1627752,Taurean Prince,2016,2026,1,LAL,taurean_prince
2419,Tayshaun Prince,2002,2015,0,,tayshaun_prince
77887,John Pritchard,1949,1949,0,,HISTADD_bigjohn_pritchard
340,Kevin Pritchard,1990,1995,0,,kevin_pritchard
1630202,Payton Pritchard,2020,2026,1,BOS,payton_pritchard
1642878,Tyrese Proctor,2025,2026,0,,tyrese_proctor
1919,Laron Profit,1999,2005,0,,laron_profit
1641765,Olivier-Maxence Prosper,2023,2026,1,DAL,olivier-maxence_prosper
201172,Gabe Pruitt,2007,2008,0,,gabe_pruitt
2038,Joel Przybilla,2000,2012,0,,joel_przybilla
77888,Les Pugh,1948,1949,0,,HISTADD_les_pugh
77889,Roy Pugh,1948,1948,0,,HISTADD_roy_pugh
77890,Anthony Pullard,1992,1992,0,,HISTADD_anthony_pullard
1626643,Jacob Pullen,2017,2017,0,,jacob_pullen
1642389,Zyon Pullin,2024,2026,0,,zyon_pullin
1628681,Rodney Purvis,2017,2017,0,,rodney_purvis
77891,Don Putman,1946,1949,0,,HISTADD_don_putman
1627753,Zhou Qi,2017,2018,0,,zhou_qi
1643519,Jayden Quaintance,2026,2026,0,,tmp_jayden_quaintance
1627817,Tim Quarterman,2016,2017,0,,tim_quarterman
1642852,Derik Queen,2025,2026,0,,derik_queen
1630243,Trevelin Queen,2021,2024,1,ORL,trevelin_queen
1629674,Neemias Queta,2021,2026,1,BOS,neemias_queta
77892,Bob Quick,1968,1971,0,,HISTADD_bob_quick
1630193,Immanuel Quickley,2020,2026,1,TOR,immanuel_quickley
200809,Chris Quinn,2006,2012,0,,chris_quinn
77893,Brian Quinnett,1989,1991,0,,HISTADD_brian_quinnett
1631311,Lester Quinones,2022,2024,1,GSW,lester_quinones
1628397,Ivan Rabb,2017,2018,0,,ivan_rabb
77894,Luke Rackley,1969,1973,0,,HISTADD_luke_rackley
77895,Howie Rader,1948,1948,0,,HISTADD_howie_rader
77896,Mark Radford,1981,1982,0,,HISTADD_mark_radford
77897,Wayne Radford,1978,1978,0,,HISTADD_wayne_radford
129,Dino Radja,1993,1996,0,,dino_radja
2209,Vladimir Radmanovic,2001,2012,0,,vladimir_radmanovic
1893,Aleksandar Radojevic,1999,2004,0,,aleksandar_radojevic
77899,Frank Radovich,1961,1961,0,,HISTADD_frank_radovich
77900,Moe Radovich,1952,1952,0,,HISTADD_moe_radovich
203545,Miroslav Raduljica,2013,2014,0,,miroslav_raduljica
77901,Ray Radziszewski,1957,1957,0,,HISTADD_ray_radziszewski
77902,Ray Ragelis,1951,1951,0,,HISTADD_ray_ragelis
77903,Sherwin Raiken,1952,1952,0,,HISTADD_sherwin_raiken
77904,Ed Rains,1981,1982,0,,HISTADD_ed_rains
2080,Igor Rakocevic,2002,2002,0,,igor_rakocevic
77905,Kurt Rambis,1981,1994,0,,HISTADD_kurt_rambis
2762,Peter John Ramos,2004,2004,0,,peter john_ramos
77906,Cal Ramsey,1959,1960,0,,HISTADD_cal_ramsey
77907,Frank Ramsey,1954,1963,0,,HISTADD_frank_ramsey
1630186,Jahmi'us Ramsey,2020,2023,0,,jahmius_ramsey
77908,Ray Ramsey,1948,1948,0,,HISTADD_ray_ramsey
1821,Mark Randall,1991,1994,0,,mark_randall
1626184,Chasson Randle,2016,2020,0,,chasson_randle
203944,Julius Randle,2014,2026,1,NYK,julius_randle
201576,Anthony Randolph,2008,2013,0,,anthony_randolph
101183,Shavlik Randolph,2005,2014,0,,shavlik_randolph
2216,Zach Randolph,2001,2017,0,,zach_randolph
77910,Wally Rank,1980,1980,0,,HISTADD_wally_rank
77911,Kelvin Ransey,1980,1985,0,,HISTADD_kelvin_ransey
77912,Sam Ranzino,1951,1951,0,,HISTADD_sam_ranzino
78656,Blair Rasmussen,1985,1992,0,,blair_rasmussen
1628504,Xavier Rathan-Mayes,2017,2017,0,,xavier_rathan-mayes
77913,George Ratkovicz,1949,1954,0,,HISTADD_george_ratkovicz
77914,Ed Ratleff,1973,1977,0,,HISTADD_ed_ratleff
77915,Mike Ratliff,1972,1973,0,,HISTADD_mike_ratliff
689,Theo Ratliff,1995,2010,0,,theo_ratliff
202360,Andy Rautins,2010,2010,0,,andy_rautins
77916,Leo Rautins,1983,1984,0,,HISTADD_leo_rautins
200810,Allan Ray,2006,2006,0,,allan_ray
77917,Clifford Ray,1971,1980,0,,HISTADD_clifford_ray
77918,Don Ray,1949,1949,0,,HISTADD_duck_ray
77920,Jamesearl Ray,1980,1982,0,,HISTADD_james_earl_ray
77919,Jim Ray,1956,1959,0,,HISTADD_jim_ray
77921,Craig Raymond,1968,1968,0,,HISTADD_craig_raymond
1642875,Maxime Raynaud,2025,2026,0,,maxime_raynaud
77922,Connie Rea,1953,1953,0,,HISTADD_connie_rea
1641871,Duop Reath,2023,2025,1,POR,duop_reath
1630559,Austin Reaves,2021,2026,1,LAL,austin_reaves
77923,Joe Reaves,1973,1973,0,,HISTADD_joe_reaves
1629729,Josh Reaves,2019,2019,0,,josh_reaves
1442,Zeljko Rebraca,2001,2005,0,,zeljko_rebraca
695,Eldridge Recasner,1994,2001,0,,eldridge_recasner
2072,Michael Redd,2000,2011,0,,michael_redd
1629629,Cam Reddish,2019,2024,1,LAL,cameron_reddish
77925,Frank Reddout,1953,1953,0,,HISTADD_frank_reddout
200755,JJ Redick,2006,2020,0,,jj_redick
77926,Marlon Redmond,1978,1979,0,,HISTADD_marlon_redmond
1628432,Davon Reed,2017,2022,0,,davon_reed
77927,Hub Reed,1958,1964,0,,HISTADD_hub_reed
2770,Justin Reed,2004,2006,0,,justin_reed
1630194,Paul Reed,2020,2026,1,PHI,paul_reed
77928,Ron Reed,1965,1966,0,,HISTADD_ron_reed
203186,Willie Reed,2012,2017,0,,willie_reed
77929,Willis Reed,1964,1973,0,,HISTADD_willis_reed
1643542,Tarris Reed Jr.,2026,2026,0,,tarris_reed_jr
1642024,Alex Reese,2024,2024,0,,alex_reese
1642882,Julian Reese,2025,2026,0,,julian_reese
1641810,Antonio Reeves,2024,2026,0,,antonio_reeves
735,Bryant Reeves,1995,2000,0,,bryant_reeves
234,Khalid Reeves,1994,1999,0,,khalid_reeves
77932,Richie Regan,1955,1957,0,,HISTADD_richie_regan
77933,Don Rehfeldt,1950,1951,0,,HISTADD_don_rehfeldt
77937,Billy Reid,1980,1980,0,,HISTADD_billy_reid
690,Don Reid,1995,2002,0,,don_reid
462,J.R. Reid,1989,2000,0,,j.r._reid
77935,Jim Reid,1967,1967,0,,HISTADD_jim_reid
1629675,Naz Reid,2019,2026,1,MIN,naz_reid
77936,Robert Reid,1977,1990,0,,HISTADD_robert_reid
202385,Ryan Reid,2011,2011,0,,ryan_reid
2876,Jared Reiner,2004,2006,0,,jared_reiner
77938,Joseph Reiser,1947,1949,0,,HISTADD_chick_reiser
77939,Richard Rellford,1987,1987,0,,HISTADD_richard_rellford
720,Terrence Rencher,1995,1995,0,,terrence_rencher
77941,John Rennicke,1951,1951,0,,HISTADD_john_rennicke
77942,Rob Rensberger,1946,1946,0,,HISTADD_rob_rensberger
981,Efthimios Rentzias,2002,2002,0,,efthimios_rentzias
704,Shawn Respert,1995,1998,0,,shawn_respert
77944,Kevin Restani,1974,1981,0,,HISTADD_bigbird_restani
1629244,Cam Reynolds,2018,2020,0,,cameron_reynolds
77945,George Reynolds,1969,1969,0,,HISTADD_george_reynolds
77946,Jerry Reynolds,1985,1995,0,,HISTADD_jerry_reynolds
1631197,Jared Rhoden,2022,2024,1,DET,jared_rhoden
77947,Gene Rhodes,1952,1952,0,,HISTADD_gene_rhodes
1518,Rodrick Rhodes,1997,1999,0,,rodrick_rhodes
779,Glen Rice,1989,2003,0,,glen_rice
203318,Glen Rice,2013,2014,0,,glen_rice
201181,Chris Richard,2007,2009,0,,chris_richard
1642954,Will Richard,2025,2026,0,,will_richard
1630208,Nick Richards,2020,2026,1,CHA,nick_richards
77950,Clint Richardson,1979,1986,0,,HISTADD_clint_richardson
1642859,Jase Richardson,2025,2026,0,,tmp_jason_richardson
2202,Jason Richardson,2001,2014,0,,jason_richardson
200978,Jeremy Richardson,2006,2008,0,,jeremy_richardson
1626196,Josh Richardson,2015,2024,1,MIA,josh_richardson
1627781,Malachi Richardson,2016,2018,0,,malachi_richardson
77952,Micheal Ray Richardson,1978,1985,0,,HISTADD_micheal_ray_richardson
2369,Norman Richardson,2001,2001,0,,norman_richardson
71,Pooh Richardson,1989,1998,0,,pooh_richardson
2047,Quentin Richardson,2000,2012,0,,quentin_richardson
1642955,Kadary Richmond,2025,2025,0,,kadary_richmond
782,Mitch Richmond,1988,2001,0,,mitch_richmond
77954,John Richter,1959,1959,0,,HISTADD_john_richter
77955,Dick Ricketts,1955,1957,0,,HISTADD_dick_ricketts
375,Isaiah Rider,1993,2001,0,,isaiah_rider
77957,Jackie Ridgle,1971,1971,0,,HISTADD_jackie_ridgle
2557,Luke Ridnour,2003,2014,0,,luke_ridnour
77958,Mel Riebe,1946,1948,0,,HISTADD_mouse_riebe
77959,Jim Riffey,1950,1950,0,,HISTADD_jim_riffey
2541,Antoine Rigaudeau,2002,2002,0,,antoine_rigaudeau
77960,Tom Riker,1972,1974,0,,HISTADD_tom_riker
77963,Bob Riley,1970,1970,0,,HISTADD_bob_riley
35,Eric Riley,1993,1998,0,,eric_riley
77962,Pat Riley,1967,1975,0,,HISTADD_dupp_pat_riley
77964,Ron Riley,1972,1975,0,,HISTADD_ron_riley
1642860,Will Riley,2025,2026,0,,tmp_will_riley
1630203,Grant Riller,2020,2020,0,,grant_riller
77965,Rich Rinaldi,1971,1973,0,,HISTADD_rich_rinaldi
77966,Mike Riordan,1968,1976,0,,HISTADD_mike_riordan
1642258,Zaccharie Risacher,2024,2026,0,,tmp_zaccharie_risacher
77967,Arnie Risen,1948,1957,0,,HISTADD_stilts_risen
77968,Goebel Ritter,1948,1950,0,,HISTADD_tex_ritter
77969,Ramon Rivas,1988,1988,0,,HISTADD_ramon_rivas
203085,Austin Rivers,2012,2022,0,,austin_rivers
77970,David Rivers,1988,1991,0,,HISTADD_david_rivers
470,Doc Rivers,1983,1995,0,,doc_rivers
77972,Lee Robbins,1947,1948,0,,HISTADD_lee_robbins
1641857,Liam Robbins,2024,2024,0,,liam_robbins
203460,Andre Roberson,2013,2020,0,,andre_roberson
101194,Anthony Roberson,2005,2008,0,,anthony_roberson
77973,Rick Roberson,1969,1975,0,,HISTADD_rick_roberson
2121,Terrance Roberson,2000,2000,0,,terrance_roberson
77975,Anthony Roberts,1977,1983,0,,HISTADD_anthony_roberts
77979,Bill Roberts,1948,1949,0,,HISTADD_bill_roberts
203148,Brian Roberts,2012,2016,0,,brian_roberts
122,Fred Roberts,1983,1996,0,,fred_roberts
77977,Joe Roberts,1960,1962,0,,HISTADD_joe_roberts
101160,Lawrence Roberts,2005,2006,0,,lawrence_roberts
77978,Marv Roberts,1976,1976,0,,HISTADD_marv_roberts
914,Stanley Roberts,1991,1999,0,,stanley_roberts
926,Alvin Robertson,1984,1995,0,,alvin_robertson
600015,Oscar Robertson,1960,1973,0,,HISTADD_oscar_robertson
1926,Ryan Robertson,1999,1999,0,,ryan_robertson
77983,Tony Robertson,1977,1978,0,,HISTADD_tony_robertson
77984,Rick Robey,1978,1985,0,,HISTADD_rick_robey
2774,Bernard Robinson,2004,2006,0,,bernard_robinson
997,Chris Robinson,1996,1997,0,,chris_robinson
77986,Cliff T. Robinson,1979,1991,0,,HISTADD_cliff_t_robinson
361,Clifford Robinson,1989,2006,0,,clifford_robinson
764,David Robinson,1989,2002,0,,david_robinson
1628421,Devin Robinson,2017,2018,0,,devin_robinson
1629130,Duncan Robinson,2018,2026,1,MIA,duncan_robinson
1944,Eddie Robinson,1999,2003,0,,eddie_robinson
77988,Flynn Robinson,1966,1972,0,,HISTADD_flynn_robinson
299,Glenn Robinson,1994,2004,0,,glenn_robinson
77989,Jackie Robinson,1978,1981,0,,HISTADD_jackie_robinson
1554,Jamal Robinson,2000,2000,0,,jamal_robinson
381,James Robinson,1993,2000,0,,james_robinson
1629010,Jerome Robinson,2018,2023,1,GSW,jerome_robinson
1629620,Justin Robinson,2019,2021,0,,justin_robinson
1683,Larry Robinson,1990,2001,0,,larry_robinson
1629011,Mitchell Robinson,2018,2026,1,NYK,mitchell_robinson
101126,Nate Robinson,2005,2015,0,,nate_robinson
77994,Oliver Robinson,1982,1982,0,,HISTADD_oliver_robinson
1631115,Orlando Robinson,2022,2025,1,MIA,orlando_robinson
716,Rumeal Robinson,1990,1996,0,,rumeal_robinson
203080,Thomas Robinson,2012,2016,0,,thomas_robinson
77993,Truck Robinson,1974,1984,0,,HISTADD_truck_robinson
77996,Wayne Robinson,1980,1980,0,,HISTADD_wayne_robinson
203922,Glenn Robinson III,2014,2020,0,,glenn_robinson iii
1630526,Jeremiah Robinson-Earl,2021,2025,1,NOP,jeremiah_robinson-earl
77997,Bill Robinzine,1975,1981,0,,HISTADD_bill_robinzine
77998,Dave Robisch,1976,1983,0,,HISTADD_dave_robisch
1629676,Isaiah Roby,2019,2022,0,,roby_isaiah
77999,Red Rocha,1947,1956,0,,HISTADD_red_rocha
78000,John Roche,1975,1981,0,,HISTADD_johnny_roche
78001,Gene Rock,1947,1947,0,,HISTADD_gene_rock
78002,Jack Rocker,1947,1947,0,,HISTADD_jack_rocker
1631223,David Roddy,2022,2026,1,PHX,david_roddy
78003,Guy Rodgers,1958,1969,0,,HISTADD_guy_rodgers
23,Dennis Rodman,1986,1999,0,,dennis_rodman
200771,Sergio Rodriguez,2006,2016,0,,sergio_rodriguez
691,Lou Roe,1995,1996,0,,lou_roe
435,Carlos Rogers,1994,2001,0,,carlos_rogers
78007,Johnny Rogers,1986,1987,0,,HISTADD_johnny_rogers
78008,Marshall Rogers,1976,1976,0,,HISTADD_marshall_rogers
915,Rodney Rogers,1993,2004,0,,rodney_rogers
964,Roy Rogers,1996,1999,0,,HISTADD_roy_rogers
78010,Al Roges,1953,1954,0,,HISTADD_al_roges
78011,Ken Rohloff,1963,1963,0,,HISTADD_ken_rohloff
202375,Magnum Rolle,2010,2010,0,,magnum_rolle
78012,Kenny Rollins,1948,1952,0,,HISTADD_kenny_rollins
78013,Phil Rollins,1958,1960,0,,HISTADD_phil_rollins
1631157,Ryan Rollins,2022,2026,1,MIL,ryan_rollins
78014,Tree Rollins,1977,1994,0,,HISTADD_tree_rollins
78015,Lorenzo Romar,1980,1984,0,,HISTADD_lorenzo_romar
200765,Rajon Rondo,2006,2021,0,,rajon_rondo
399,Sean Rooks,1992,2003,0,,sean_rooks
201565,Derrick Rose,2008,2023,1,MEM,derrick_rose
147,Jalen Rose,1994,2006,0,,jalen_rose
990,Malik Rose,1996,2008,0,,malik_rose
78016,Robert Rose,1988,1988,0,,HISTADD_bob_rose
78017,Alexander Rosenberg,1946,1946,0,,HISTADD_petey_rosenberg
78018,Lennie Rosenbluth,1957,1958,0,,HISTADD_lennie_rosenbluth
78019,Hank Rosenstein,1946,1946,0,,HISTADD_hank_rosenstein
78020,Dick Rosenthal,1954,1956,0,,HISTADD_dick_rosenthal
2624,Quinton Ross,2004,2010,0,,quinton_ross
203082,Terrence Ross,2012,2022,0,,terrence_ross
78021,Doug Roth,1989,1989,0,,HISTADD_doug_roth
78022,Scott Roth,1987,1989,0,,HISTADD_scott_roth
78023,Irv Rothenberg,1946,1948,0,,HISTADD_irv_rothenberg
78024,Mickey Rottner,1946,1947,0,,HISTADD_mickey_rottner
78025,Dan Roundfield,1976,1986,0,,HISTADD_dan_roundfield
78026,Giff Roux,1946,1948,0,,HISTADD_giff_roux
78027,Ron Rowan,1986,1986,0,,HISTADD_ron_rowan
78028,Curtis Rowe,1971,1978,0,,HISTADD_curtis_rowe
1642050,Jackson Rowe,2024,2024,0,,jackson_rowe
78029,Jim Rowinski,1988,1989,0,,HISTADD_jim_rowinski
78030,Derrick Rowland,1985,1985,0,,HISTADD_derrick_rowland
78031,Brian Rowsom,1987,1989,0,,HISTADD_brian_rowsom
200750,Brandon Roy,2006,2012,0,,brandon_roy
140,Donald Royal,1989,1997,0,,donald_royal
78033,Bob Royer,1949,1949,0,,HISTADD_bob_royer
32,Clifford Rozier,1994,1997,0,,clifford_rozier
1626179,Terry Rozier,2015,2024,1,MIA,terry_rozier
201937,Ricky Rubio,2011,2022,0,,ricky_rubio
2462,Guy Rucker,2002,2002,0,,guy_rucker
78035,Delaney Rudd,1989,1992,0,,HISTADD_delaney_rudd
78036,John Rudd,1978,1978,0,,HISTADD_john_rudd
204014,Damjan Rudez,2014,2016,0,,damjan_rudez
78037,John Rudometkin,1962,1964,0,,HISTADD_rudo_rudometkin
1913,Michael Ruffin,1999,2008,0,,michael_ruffin
460,Trevor Ruffin,1994,1995,0,,trevor_ruffin
78039,Paul Ruffner,1970,1974,0,,HISTADD_paul_ruffner
78040,Joe Ruklick,1959,1961,0,,HISTADD_joe_ruklick
78041,Jeff Ruland,1981,1992,0,,HISTADD_jeff_ruland
78042,Bob Rule,1967,1974,0,,HISTADD_golden_rule
78043,Jerry Rullo,1946,1949,0,,HISTADD_jerry_rullo
1641712,Rayan Rupert,2023,2026,1,POR,rayan_rupert
474,Stefano Rusconi,1995,1995,0,,stefano_rusconi
201575,Brandon Rush,2008,2016,0,,brandon_rush
2416,Kareem Rush,2002,2009,0,,kareem_rush
78049,Bill Russell,1956,1968,0,,HISTADD_bill_russell
935,Bryon Russell,1993,2005,0,,bryon_russell
78047,Campy Russell,1974,1984,0,,HISTADD_campy_russell
78045,Cazzie Russell,1966,1977,0,,HISTADD_cazzie_russell
1626156,D'Angelo Russell,2015,2026,1,LAL,d'angelo_russell
78046,Frank Russell,1972,1972,0,,HISTADD_frank_russell
78048,Walker Russell,1982,1987,0,,HISTADD_walker_russell
201041,Walker Russell,2011,2011,0,,walker_russell
1642504,Cormac Ryan,2025,2026,0,,cormac_ryan
1630346,Matt Ryan,2021,2024,1,NOP,matt_ryan
717,Arvydas Sabonis,1995,2002,0,,arvydas_sabonis
1627734,Domantas Sabonis,2016,2026,1,SAC,domantas_sabonis
203135,Robert Sacre,2012,2015,0,,robert_sacre
78050,Ed Sadowski,1946,1949,0,,HISTADD_ed_sadowski
78051,Kenny Sailors,1946,1950,0,,HISTADD_kenny_sailors
1642275,Tidjane Salaün,2024,2026,0,,tidjane_salaun
927,John Salley,1986,1999,0,,john_salley
1642282,Hunter Sallis,2025,2025,0,,hunter_sallis
2422,John Salmons,2002,2014,0,,john_salmons
1089,Kevin Salvadori,1996,1997,0,,kevin_salvadori
2066,Soumaila Samake,2000,2002,0,,soumaila_samake
1629677,Luka Samanic,2019,2023,1,UTA,luka_samanic
200798,Cheikh Samb,2007,2008,0,,cheikh_samb
1629102,Brandon Sampson,2018,2018,0,,brandon_sampson
203960,JaKarr Sampson,2014,2020,0,,jakarr_sampson
2441,Jamal Sampson,2002,2006,0,,jamal_sampson
78055,Ralph Sampson,1983,1991,0,,HISTADD_ralph_sampson
202396,Samardo Samuels,2010,2012,0,,samardo_samuels
1631257,Jermaine Samuels Jr.,2023,2023,1,HOU,jermaine_samuels_jr
2143,Pepe Sanchez,2000,2002,0,,pepe_sanchez
78057,Frankie Sanders,1978,1980,0,,HISTADD_frankiej_sanders
1874,Jeff Sanders,1989,1992,0,,jeff_sanders
1642920,Kobe Sanders,2025,2026,0,,kobe_sanders
202336,Larry Sanders,2010,2016,0,,larry_sanders
2684,Melvin Sanders,2005,2005,0,,melvin_sanders
78059,Mike Sanders,1982,1992,0,,HISTADD_mike_sanders
78060,Thomas Sanders,1960,1972,0,,HISTADD_satch_sanders
1642362,Payton Sandfort,2025,2026,0,,payton_sandfort
1641766,Adama Sanogo,2023,2024,1,CHI,adama_sanogo
2091,Daniel Santiago,2000,2004,0,,daniel_santiago
78061,Bob Santini,1955,1955,0,,HISTADD_bob_santini
1630611,Gui Santos,2023,2026,1,GSW,gui_santos
78062,Wayne Sappleton,1984,1984,0,,HISTADD_wayne_sappleton
1642879,Ben Saraf,2025,2026,0,,tmp_ben_saraf
203967,Dario Saric,2016,2025,1,GSW,dario_saric
1642259,Alex Sarr,2024,2026,0,,alexandre_sarr
1630846,Olivier Sarr,2021,2026,1,OKC,olivier_sarr
987,Jason Sasser,1996,2002,0,,jason_sasser
2219,Jeryl Sasser,2001,2002,0,,jeryl_sasser
1631204,Marcus Sasser,2023,2026,1,DET,marcus_sasser
203107,Tomas Satoransky,2016,2021,0,,tomas_satoransky
2261,Kenny Satterfield,2001,2002,0,,kenny_satterfield
78063,Frank Saul,1949,1954,0,,HISTADD_pep_saul
78064,Woody Sauldsberry,1957,1965,0,,HISTADD_woody_sauldsberry
78065,Fred Saunders,1974,1977,0,,HISTADD_fred_saunders
1643563,Richie Saunders,2026,2026,0,,richie_saunders
78066,Don Savage,1951,1956,0,,HISTADD_don_savage
2453,Predrag Savovic,2002,2002,0,,predrag_savovic
78067,Alan Sawyer,1950,1950,0,,HISTADD_alan_sawyer
2243,Brian Scalabrine,2001,2011,0,,brian_scalabrine
2637,Alex Scales,2005,2005,0,,alex_scales
78068,Dewayne Scales,1980,1983,0,,HISTADD_dewayne_scales
78069,Frank Schade,1972,1972,0,,HISTADD_frank_schade
78070,Ben Schadler,1947,1947,0,,HISTADD_ben_schadler
78071,Herm Schaefer,1948,1949,0,,HISTADD_herm_schaefer
78072,Bob Schafer,1955,1955,0,,HISTADD_bob_schafer
1630648,Jordan Schakel,2021,2022,0,,jordan_schakel
78073,Ben Scharnus,1946,1948,0,,HISTADD_whitey_scharnus
78074,Marv Schatzman,1949,1949,0,,HISTADD_marv_schatzman
78075,Fred Schaus,1949,1953,0,,HISTADD_fred_schaus
7,Dan Schayes,1981,1998,0,,dan_schayes
78076,Dolph Schayes,1949,1963,0,,HISTADD_dolph_schayes
78078,Ossie Schectman,1946,1946,0,,HISTADD_ossie_schectman
88,Steve Scheffler,1990,1996,0,,steve_scheffler
78080,Tom Scheffler,1984,1984,0,,HISTADD_tom_scheffler
1631248,Baylor Scheierman,2024,2026,0,,baylor_scheierman
78081,Dave Schellhase,1966,1967,0,,HISTADD_dave_schellhase
101195,Luke Schenscher,2005,2006,0,,luke_schenscher
78082,Herb Scherer,1950,1951,0,,HISTADD_herb_scherer
368,Dwayne Schintzius,1990,1998,0,,dwayne_schintzius
78084,Dale Schlueter,1968,1977,0,,HISTADD_dale_schlueter
78085,Otto Schnellbacher,1948,1948,0,,HISTADD_theclaw_schnellbacher
78086,Dick Schnittker,1950,1957,0,,HISTADD_dick_schnittker
78087,Russ Schoene,1982,1988,0,,HISTADD_russ_schoene
1629678,Admiral Schofield,2019,2023,1,ORL,admiral_schofield
78088,Dave Scholz,1969,1969,0,,HISTADD_dave_scholz
78089,Milt Schoon,1946,1949,0,,HISTADD_milt_schoon
96,Detlef Schrempf,1985,2000,0,,detlef_schrempf
203471,Dennis Schröder,2013,2026,1,BKN,dennis_schroder
78091,Howie Schultz,1949,1952,0,,HISTADD_stretch_schultz
78092,Dick Schulz,1946,1949,0,,HISTADD_dick_schulz
78093,John Schweitz,1984,1986,0,,HISTADD_john_schweitz
2449,Luis Scola,2007,2016,0,,luis_scola
78094,Freddie Scolari,1946,1954,0,,HISTADD_freddie_scolari
78095,Alvin Scott,1977,1984,0,,HISTADD_alvin_scott
1064,Brent Scott,1996,1996,0,,brent_scott
2,Byron Scott,1983,1996,0,,byron_scott
78097,Charlie Scott,1971,1979,0,,HISTADD_charlie_scott
192,Dennis Scott,1990,1999,0,,dennis_scott
1109,James Scott,1996,1996,0,,james_scott
203118,Mike Scott,2012,2020,0,,mike_scott
78100,Ray Scott,1961,1969,0,,HISTADD_ray_scott
1035,Shawnelle Scott,1996,2001,0,,shawnelle_scott
1630286,Trevon Scott,2021,2025,0,,trevon_scott
1630206,Jay Scrubb,2020,2022,0,,jay_scrubb
78102,Carey Scurry,1985,1987,0,,HISTADD_carey_scurry
1631220,Dereon Seabron,2022,2023,1,NOP,dereon_seabron
78103,Bruce Seals,1975,1977,0,,HISTADD_bruce_seals
1578,Shea Seals,1997,1997,0,,shea_seals
907,Malik Sealy,1992,1999,0,,malik_sealy
78105,Ed Searcy,1975,1975,0,,HISTADD_ed_searcy
78106,Ken Sears,1955,1963,0,,HISTADD_ken_sears
1641813,Mark Sears,2025,2025,0,,mark_sears
78107,Wayne See,1949,1949,0,,HISTADD_wayne_see
200757,Thabo Sefolosha,2006,2019,0,,thabo_sefolosha
938,Rony Seikaly,1988,1998,0,,rony_seikaly
78109,Glen Selbo,1949,1949,0,,HISTADD_glen_selbo
202729,Josh Selby,2011,2012,0,,josh_selby
1627782,Wayne Selden,2016,2021,0,,wayne_selden
78110,Brad Sellers,1986,1992,0,,HISTADD_brad_sellers
78111,Phil Sellers,1976,1976,0,,HISTADD_phil_sellers
78112,Rollie Seltz,1949,1949,0,,HISTADD_rollie_seltz
78113,Frank Selvy,1954,1963,0,,HISTADD_frank_selvy
78114,Jim Seminoff,1946,1949,0,,HISTADD_jim_seminoff
200754,Mouhamed Sene,2006,2008,0,,mouhamed_sene
78115,George Senesky,1946,1953,0,,HISTADD_george_senesky
1630578,Alperen Sengun,2021,2026,1,HOU,alperen_sengun
1641729,Brice Sensabaugh,2023,2026,1,UTA,brice_sensabaugh
202338,Kevin Seraphin,2010,2016,0,,kevin_seraphin
1738,Ansu Sesay,2001,2004,0,,ansu_sesay
201196,Ramon Sessions,2007,2017,0,,ramon_sessions
78116,Tom Sewell,1984,1984,0,,HISTADD_tom_sewell
1629012,Collin Sexton,2018,2026,1,UTA,collin_sexton
78117,Paul Seymour,1947,1959,0,,HISTADD_paul_seymour
78118,Nick Shaback,1946,1946,0,,HISTADD_nick_shaback
1593,Charles Shackleford,1988,1998,0,,charles_shackleford
78120,Carl Shaeffer,1949,1950,0,,HISTADD_carl_shaeffer
78121,Lee Shaffer,1961,1963,0,,HISTADD_lee_shaffer
201203,Mustafa Shakur,2009,2013,0,,mustafa_shakur
1629013,Landry Shamet,2018,2026,1,WAS,landry_shamet
1539,God Shammgod,1997,1997,0,,god_shammgod
78123,Earl Shannon,1946,1948,0,,HISTADD_earl_shannon
78124,Howie Shannon,1948,1949,0,,HISTADD_howie_shannon
1630545,Terrence Shannon Jr.,2024,2026,0,,terrence_shannon_jr
78125,Charlie Share,1951,1959,0,,HISTADD_charlie_share
78126,Bill Sharman,1950,1960,0,,HISTADD_bill_sharman
1643567,Emanuel Sharp,2026,2026,0,,emanuel_sharp
1630549,Day'Ron Sharpe,2021,2026,1,BKN,dayron_sharpe
1631101,Shaedon Sharpe,2022,2026,1,POR,shaedon_sharpe
201594,Walter Sharpe,2008,2008,0,,walter_sharpe
1117,John Shasky,1988,1990,0,,john_shasky
78128,Ron Shavlik,1956,1957,0,,HISTADD_ron_shavlik
216,Brian Shaw,1988,2002,0,,brian_shaw
1745,Casey Shaw,1998,2002,0,,casey_shaw
1629621,Marial Shayok,2019,2019,0,,marial_shayok
78130,Bob Shea,1946,1946,0,,HISTADD_bob_shea
1642347,Jamal Shead,2024,2026,0,,jamal_shead
78131,Fred Sheffield,1946,1946,0,,HISTADD_fred_sheffield
78132,Craig Shelton,1980,1981,0,,HISTADD_craig_shelton
78133,Lonnie Shelton,1976,1985,0,,HISTADD_lonnie_shelton
203129,Tornike Shengelia,2012,2013,0,,tornike_shengelia
1641767,Ben Sheppard,2023,2026,1,IND,ben_sheppard
1852,Jeff Sheppard,1998,1998,0,,jeff_sheppard
1642263,Reed Sheppard,2024,2026,0,,reed_sheppard
78135,Steve Sheppard,1977,1978,0,,HISTADD_bear_sheppard
78136,Edmund Sherod,1982,1982,0,,HISTADD_edmund_sherod
78653,Charlie Shipp,1949,1949,0,,charlie_shipp
2321,Paul Shirley,2002,2004,0,,paul_shirley
78138,Gene Short,1975,1975,0,,HISTADD_gene_short
78139,Purvis Short,1978,1989,0,,HISTADD_purvis_short
78140,Dexter Shouse,1989,1989,0,,HISTADD_dexter_shouse
78141,Dick Shrider,1948,1948,0,,HISTADD_dick_shrider
78142,Gene Shue,1954,1963,0,,HISTADD_gene_shue
1642917,Max Shulga,2025,2026,0,,max_shulga
78143,John Shumate,1975,1980,0,,HISTADD_john_shumate
202697,Iman Shumpert,2011,2020,0,,iman_shumpert
203144,Alexey Shved,2012,2014,0,,alexey_shved
1627783,Pascal Siakam,2016,2026,1,IND,pascal_siakam
1626296,Jordan Sibert,2018,2018,0,,jordan_sibert
78144,Sam Sibert,1972,1972,0,,HISTADD_sam_sibert
78145,Mark Sibley,1973,1973,0,,HISTADD_mark_sibley
78146,Jerry Sichting,1980,1989,0,,HISTADD_jerry_sichting
78147,Larry Siegfried,1963,1971,0,,HISTADD_larry_siegfried
78148,Ralph Siewert,1946,1946,0,,HISTADD_sky_siewert
78149,Jack Sikma,1977,1990,0,,HISTADD_jack_sikma
78150,James Silas,1976,1981,0,,HISTADD_james_silas
78151,Paul Silas,1964,1979,0,,HISTADD_paul_silas
202918,Xavier Silas,2011,2017,0,,xavier_silas
202081,Garret Siler,2010,2010,0,,garret_siler
78152,Mike Silliman,1970,1970,0,,HISTADD_mike_silliman
1629735,Chris Silva,2019,2022,0,,chris_silva
101134,Wayne Simien,2005,2006,0,,wayne_simien
1627732,Ben Simmons,2016,2024,1,BKN,ben_simmons
2250,Bobby Simmons,2001,2011,0,,bobby_simmons
200759,Cedric Simmons,2006,2008,0,,cedric_simmons
78153,Connie Simmons,1946,1955,0,,HISTADD_connie_simmons
78154,Johnny Simmons,1946,1946,0,,HISTADD_johnny_simmons
203613,Jonathon Simmons,2015,2018,0,,jonathon_simmons
1628424,Kobi Simmons,2017,2023,0,,kobi_simmons
1489,Lionel Simmons,1990,1996,0,,lionel_simmons
1750,Miles Simon,1998,2002,0,,miles_simon
1630250,Marko Simonovic,2021,2022,0,,marko_simonovic
1629014,Anfernee Simons,2018,2026,1,POR,anfernee_simons
54,Dickey Simpkins,1994,2001,0,,dickey_simpkins
202067,Diamon Simpson,2011,2011,0,,diamon_simpson
1642354,KJ Simpson,2024,2026,0,,kj_simpson
78157,Ralph Simpson,1976,1979,0,,HISTADD_ralph_simpson
1630285,Zavier Simpson,2021,2023,0,,zavier_simpson
1591,Alvin Sims,1998,1998,0,,alvin_sims
78160,Bob Sims,1961,1961,0,,HISTADD_bob_sims
201235,Courtney Sims,2007,2008,0,,courtney_sims
78159,Doug Sims,1968,1968,0,,HISTADD_doug_sims
203156,Henry Sims,2012,2015,0,,henry_sims
1631301,Jaylen Sims,2024,2024,0,,jaylen_sims
1630579,Jericho Sims,2021,2026,1,NYK,jericho_sims
78161,Scott Sims,1977,1977,0,,HISTADD_scott_sims
202713,Kyle Singler,2012,2017,0,,kyle_singler
201606,Sean Singletary,2008,2008,0,,sean_singletary
202698,Chris Singleton,2011,2013,0,,chris_singleton
101189,James Singleton,2005,2011,0,,james_singleton
78162,Mckinley Singleton,1986,1986,0,,HISTADD_mckinley_singleton
78163,Zeke Sinicola,1951,1953,0,,HISTADD_zeke_sinicola
1629686,Deividas Sirvydis,2020,2021,0,,deividas_sirvydis
78164,Charlie Sitton,1984,1984,0,,HISTADD_charlie_sitton
203491,Peyton Siva,2013,2013,0,,peyton_siva
1631376,Dmytro Skapintsev,2023,2023,0,,dmytro_skapintsev
101,Scott Skiles,1986,1995,0,,scott_skiles
78167,Al Skinner,1976,1979,0,,HISTADD_al_skinner
1730,Brian Skinner,1998,2011,0,,brian_skinner
78168,Talvin Skinner,1974,1975,0,,HISTADD_tab_skinner
78169,Whitey Skoog,1951,1956,0,,HISTADD_whitey_skoog
78170,Jeff Slade,1962,1962,0,,HISTADD_jeff_slade
1073,Reggie Slater,1994,2002,0,,reggie_slater
78171,Jim Slaughter,1951,1951,0,,HISTADD_jim_slaughter
78172,Jose Slaughter,1982,1982,0,,HISTADD_jose_slaughter
1641771,Jalen Slawson,2023,2026,1,SAC,jalen_slawson
2447,Tamar Slay,2002,2004,0,,tamar_slay
202388,Donald Sloan,2011,2015,0,,donald_sloan
78173,Jerry Sloan,1965,1975,0,,HISTADD_jerry_sloan
101166,Uros Slokar,2006,2006,0,,uros_slokar
78174,Tom Sluby,1984,1984,0,,HISTADD_tom_sluby
1629346,Alen Smailagic,2019,2020,0,,alen_smailagic
1642914,Javon Small,2025,2026,0,,javon_small
1630606,Javonte Smart,2021,2023,0,,javonte_smart
78175,Keith Smart,1988,1988,0,,HISTADD_keith_smart
203935,Marcus Smart,2014,2026,1,MEM,marcus_smart
78176,Belus Smawley,1946,1951,0,,HISTADD_belus_smawley
78177,Jack Smiley,1948,1949,0,,HISTADD_smiles_smiley
78178,Adrian Smith,1961,1970,0,,HISTADD_odie_smith
78207,Bill Smith,1971,1972,0,,HISTADD_bill_smith
78209,Bill Smith,1961,1961,0,,HISTADD_bill_f_smith
78202,Bingo Smith,1969,1979,0,,HISTADD_bingo_smith
78203,Bobby Smith,1959,1961,0,,HISTADD_bobby_smith
1643552,Braden Smith,2026,2026,0,,braden_smith
293,Charles Smith,1988,1996,0,,charles_smith
1520,Charles Smith,1997,2005,0,,charles_smith
78179,Charles Smith,1989,1995,0,,HISTADD_charles_e_smith
1814,Chris Smith,1992,1994,0,,chris_smith
203147,Chris Smith,2013,2013,0,,chris_smith
78181,Clinton Smith,1986,1990,0,,HISTADD_clinton_smith
200783,Craig Smith,2006,2011,0,,craig_smith
78182,Deb Smith,1946,1946,0,,HISTADD_deb_smith
78183,Derek Smith,1982,1990,0,,HISTADD_derek_smith
78184,Don Smith,1974,1974,0,,HISTADD_don_smith
78185,Donald Smith,1948,1948,0,,HISTADD_des_smith
2764,Donta Smith,2004,2005,0,,donta_smith
475,Doug Smith,1991,1995,0,,doug_smith
1630696,Dru Smith,2022,2026,0,,dru_smith
78187,Ed Smith,1953,1953,0,,HISTADD_ed_smith
78188,Elmore Smith,1971,1978,0,,HISTADD_elmore_smith
78189,Garfield Smith,1970,1971,0,,HISTADD_garfield_smith
78190,Greg Smith,1968,1975,0,,HISTADD_greg_smith
202962,Greg Smith,2011,2015,0,,greg_smith
202397,Ish Smith,2010,2023,0,,ish_smith
2747,JR Smith,2004,2019,0,,jr_smith
2074,Jabari Smith,2000,2004,0,,jabari_smith
1630188,Jalen Smith,2020,2026,1,IND,jalen_smith
201160,Jason Smith,2007,2018,0,,jason_smith
202536,Jerry Smith,2011,2011,0,,jerry_smith
78191,Jim Smith,1981,1982,0,,HISTADD_jim_smith
693,Joe Smith,1995,2010,0,,joe_smith
2746,Josh Smith,2004,2017,0,,josh_smith
78192,Keith Smith,1986,1986,0,,HISTADD_keith_smith
181,Kenny Smith,1987,1996,0,,kenny_smith
78194,Labradford Smith,1991,1993,0,,HISTADD_labradford_smith
78195,Larry Smith,1980,1992,0,,HISTADD_larry_smith
1910,Leon Smith,2001,2003,0,,leon_smith
1641869,Malachi Smith,2025,2026,0,,malachi_smith
63,Michael Smith,1994,2000,0,,michael_smith
78197,Michael Smith,1989,1994,0,,HISTADD_michael_smith
2065,Mike Smith,2000,2000,0,,mike_smith
202701,Nolan Smith,2011,2012,0,,nolan_smith
78198,Otis Smith,1986,1991,0,,HISTADD_otis_smith
78199,Phil Smith,1974,1982,0,,HISTADD_phil_smith
78200,Randy Smith,1971,1982,0,,HISTADD_randy_smith
78201,Reggie Smith,1992,1993,0,,HISTADD_reggie_smith
78204,Robert Smith,1977,1984,0,,HISTADD_robert_smith
203893,Russ Smith,2014,2015,0,,russ_smith
78205,Sammy Smith,1978,1979,0,,HISTADD_sam_smith
120,Steven Smith,1991,2004,0,,steven_smith
200848,Steven Smith,2006,2006,0,,steven_smith
1478,Stevin Smith,1996,1996,0,,stevin_smith
1631173,Terquavion Smith,2023,2023,1,PHI,terquavion_smith
2604,Theron Smith,2003,2004,0,,theron_smith
1642449,Tolu Smith,2024,2026,0,,tolu_smith
380,Tony Smith,1990,2000,0,,tony_smith
1641890,Tyler Smith,2024,2026,0,,tmp_tyler_smith
78208,Willie Smith,1976,1979,0,,HISTADD_willie_smith
1629015,Zhaire Smith,2018,2019,0,,zhaire_smith
1628372,Dennis Smith Jr.,2017,2023,1,BKN,dennis_smith_jr
1631095,Jabari Smith Jr.,2022,2026,1,HOU,jabari_smith
1641733,Nick Smith Jr.,2023,2026,1,CHA,nick_smith_jr
22,Rik Smits,1988,1999,0,,rik_smits
1091,Mike Smrek,1985,1991,0,,mike_smrek
78212,Joe Smyth,1953,1953,0,,HISTADD_joe_smyth
1630270,Xavier Sneed,2021,2022,0,,xavier_sneed
203503,Tony Snell,2013,2021,0,,tony_snell
727,Eric Snow,1995,2007,0,,eric_snow
78213,Dick Snyder,1966,1978,0,,HISTADD_dick_snyder
2745,Kirk Snyder,2004,2007,0,,kirk_snyder
78214,George Sobek,1949,1949,0,,HISTADD_chips_sobek
78215,Ricky Sobers,1975,1985,0,,HISTADD_ricky_sobers
78216,Ron Sobie,1956,1959,0,,HISTADD_ron_sobie
1631110,Jeremy Sochan,2022,2026,1,SAS,jeremy_sochan
78217,Mike Sojourner,1974,1976,0,,HISTADD_mike_sojourner
2226,Will Solomon,2001,2008,0,,will_solomon
78219,Willie Somerset,1965,1965,0,,HISTADD_willie_somerset
2443,Darius Songaila,2003,2010,0,,darius_songaila
1642850,Thomas Sorber,2025,2026,0,,thomas_sorber
78220,Dave Sorenson,1970,1972,0,,HISTADD_sunshine_sorenson
203480,James Southerland,2013,2013,0,,james_southerland
78221,Gino Sovran,1946,1946,0,,HISTADD_gino_sovran
2776,Pape Sow,2004,2006,0,,pape_sow
1629034,Ray Spalding,2018,2020,0,,ray_spalding
78222,Jim Spanarkel,1979,1983,0,,HISTADD_jim_spanarkel
2779,Vassilis Spanoulis,2006,2006,0,,vassilis_spanoulis
78223,Guy Sparrow,1957,1959,0,,HISTADD_guy_sparrow
600009,Rory Sparrow,1980,1991,0,,HISTADD_rory_sparrow
78225,Odie Spears,1948,1956,0,,HISTADD_odie_spears
78226,Art Spector,1946,1949,0,,HISTADD_speed_spector
201578,Marreese Speights,2008,2017,0,,marreese_speights
1629016,Omari Spellman,2018,2019,0,,omari_spellman
78227,Andre Spencer,1992,1993,0,,HISTADD_andre_spencer
1642285,Cam Spencer,2024,2026,0,,cam_spencer
771,Elmore Spencer,1992,1996,0,,elmore_spencer
280,Felton Spencer,1990,2001,0,,felton_spencer
1630311,Pat Spencer,2023,2026,1,GSW,pat_spencer
78230,Lou Spicer,1946,1946,0,,HISTADD_lou_spicer
78231,Craig Spitzer,1967,1967,0,,HISTADD_craig_spitzer
201168,Tiago Splitter,2010,2016,0,,tiago_splitter
78232,Art Spoelstra,1954,1957,0,,HISTADD_art_spoelstra
84,Latrell Sprewell,1992,2004,0,,latrell_sprewell
78233,Larry Spriggs,1981,1985,0,,HISTADD_larry_spriggs
1630531,Jaden Springer,2021,2024,1,BOS,jaden_springer
78234,Jim Springer,1948,1948,0,,HISTADD_jim_springer
78235,Jim Spruill,1948,1948,0,,HISTADD_jim_spruill
1756,Ryan Stack,1998,1999,0,,ryan_stack
711,Jerry Stackhouse,1995,2012,0,,jerry_stackhouse
78237,Kevin Stacom,1974,1981,0,,HISTADD_kevin_stacom
78238,Dave Stallworth,1965,1974,0,,HISTADD_dave_stallworth
78239,Isaac Stallworth,1972,1976,0,,HISTADD_bud_stallworth
78240,Ed Stanczak,1949,1950,0,,HISTADD_moose_stanczak
1630199,Cassius Stanley,2020,2021,0,,cassius_stanley
78241,Terence Stansbury,1984,1986,0,,HISTADD_terence_stansbury
317,John Starks,1988,2001,0,,john_starks
78243,Keith Starr,1976,1976,0,,HISTADD_keith_starr
203917,Nik Stauskas,2014,2021,0,,nik_stauskas
78244,Larry Staverman,1958,1963,0,,HISTADD_larry_staverman
78245,Larry Steele,1971,1979,0,,HISTADD_larry_steele
1099,Matt Steigenga,1996,1996,0,,matt_steigenga
1643419,Hannes Steinbach,2026,2026,0,,hannes_steinbach
1735,Vladimir Stepania,1998,2003,0,,vladimir_stepania
203474,DJ Stephens,2013,2018,0,,dj_stephens
78247,Everette Stephens,1988,1990,0,,HISTADD_everette_stephens
78249,Jack Stephens,1955,1955,0,,HISTADD_jack_stephens
1086,Joe Stephens,1996,1999,0,,joe_stephens
202362,Lance Stephenson,2010,2021,0,,lance_stephenson
1627293,Alex Stepheson,2015,2015,0,,alex_stepheson
78250,Brook Steppe,1982,1988,0,,HISTADD_brook_steppe
78251,Barry Stevens,1992,1992,0,,HISTADD_barry_stevens
1641815,Isaiah Stevens,2024,2026,0,,isaiah_stevens
1630205,Lamar Stevens,2020,2024,1,MEM,lamar_stevens
78252,Wayne Stevens,1959,1959,0,,HISTADD_wayne_stevens
2052,DeShawn Stevenson,2000,2012,0,,deshawn_stevenson
1630597,DJ Stewart,2021,2021,0,,dj_stewart_jr
78253,Dennis Stewart,1970,1970,0,,HISTADD_dennis_stewart
1630191,Isaiah Stewart,2020,2026,1,DET,isaiah_stewart
1529,Kebu Stewart,1997,1997,0,,kebu_stewart
1125,Larry Stewart,1991,1996,0,,larry_stewart
1565,Michael Stewart,1997,2004,0,,michael_stewart
78256,Norm Stewart,1956,1956,0,,HISTADD_norm_stewart
201880,Greg Stiemsma,2009,2014,0,,greg_stiemsma
78257,Steve Stipanovich,1983,1987,0,,HISTADD_steve_stipanovich
1642892,Bennett Stirtz,2026,2026,0,,bennett_stirtz
179,Bryant Stith,1992,2002,0,,bryant_stith
78259,Sam Stith,1961,1961,0,,HISTADD_sam_stith
78260,Tom Stith,1962,1962,0,,HISTADD_tom_stith
78261,Alex Stivrins,1985,1992,0,,HISTADD_alex_stivrins
204065,David Stockton,2014,2017,0,,david_stockton
304,John Stockton,1984,2002,0,,john_stockton
978,Peja Stojakovic,1998,2010,0,,peja_stojakovic
1055,Ed Stokes,1997,1997,0,,ed_stokes
78264,Greg Stokes,1985,1989,0,,HISTADD_greg_stokes
203950,Jarnell Stokes,2014,2016,0,,jarnell_stokes
600016,Maurice Stokes,1955,1957,0,,HISTADD_mo_stokes
78266,Art Stolkey,1946,1946,0,,HISTADD_art_stolkey
1627754,Diamond Stone,2016,2016,0,,diamond_stone
202933,Julyan Stone,2011,2017,0,,julyan_stone
2852,Awvee Storey,2004,2007,0,,awvee_storey
757,Damon Stoudamire,1995,2007,0,,damon_stoudamire
101136,Salim Stoudamire,2005,2008,0,,salim_stoudamire
2405,Amar'e Stoudemire,2002,2015,0,,amar'e_stoudemire
78267,Paul Stovall,1972,1972,0,,HISTADD_paul_stovall
201199,DJ Strawberry,2007,2007,0,,dj_strawberry
78268,Joe Strawder,1965,1967,0,,HISTADD_joe_strawder
1631124,Julian Strawther,2023,2026,1,DEN,julian_strawther
78269,Bill Stricker,1970,1970,0,,HISTADD_bill_stricker
1065,Erick Strickland,1996,2004,0,,erick_strickland
1110,Mark Strickland,1994,2002,0,,mark_strickland
393,Rod Strickland,1988,2004,0,,rod_strickland
78270,Roger Strickland,1963,1963,0,,HISTADD_therifle_strickland
78271,John Stroeder,1987,1988,0,,HISTADD_john_stroeder
400,Derek Strong,1991,2000,0,,derek_strong
78273,Lamont Strothers,1991,1992,0,,HISTADD_lamont_strothers
78274,John Stroud,1980,1980,0,,HISTADD_john_stroud
1629622,Max Strus,2019,2026,1,CLE,max_strus
201155,Rodney Stuckey,2007,2016,0,,rodney_stuckey
78275,Gene Stump,1947,1949,0,,HISTADD_gene_stump
78276,Stan Stutz,1946,1948,0,,HISTADD_stan_stutz
1630591,Jalen Suggs,2021,2026,1,ORL,jalen_suggs
78277,Gary Suiter,1970,1970,0,,HISTADD_gary_suiter
203096,Jared Sullinger,2012,2016,0,,jared_sullinger
201969,DaJuan Summers,2009,2012,0,,dajuan_summers
1628410,Edmond Sumner,2017,2022,0,,edmond_sumner
78654,Barry Sumpter,1988,1988,0,,barry_sumpter
201180,Sun Sun,2008,2008,0,,yue_sun
78278,Don Sunderlage,1953,1954,0,,HISTADD_don_sunderlage
1743,Bruno Sundov,1998,2004,0,,bruno_sundov
78279,Jon Sundvold,1983,1991,0,,HISTADD_jon_sundvold
682,Bob Sura,1995,2006,0,,bob_sura
78280,Dick Surhoff,1952,1953,0,,HISTADD_dick_surhoff
78281,Dane Suttle,1983,1984,0,,HISTADD_dane_suttle
357,Greg Sutton,1991,1995,0,,greg_sutton
78283,Bennie Swain,1958,1958,0,,HISTADD_bennie_swain
1643517,Dailyn Swain,2026,2026,0,,dailyn_swain
1628403,Caleb Swanigan,2017,2019,0,,caleb_swanigan
78284,Norm Swanson,1953,1953,0,,HISTADD_norm_swanson
78285,Dan Swartz,1962,1962,0,,HISTADD_dogpatch_swartz
2552,Michael Sweetney,2003,2006,0,,michael_sweetney
1631306,Cole Swider,2022,2024,1,MIA,cole_swider
2741,Robert Swift,2004,2008,0,,robert_swift
2031,Stromile Swift,2000,2008,0,,stromile_swift
78286,Aaron Swinson,1994,1994,0,,HISTADD_aaron_swinson
1628591,Craig Sword,2021,2021,0,,craig_sword
202377,Pape Sy,2010,2010,0,,pape_sy
78287,Wallace Sydnor,1946,1946,0,,HISTADD_buck_sydnor
1626208,Keifer Sykes,2021,2021,0,,keifer_sykes
1132,Larry Sykes,1995,1995,0,,larry_sykes
1136,Brett Szabo,1996,1996,0,,brett_szabo
1887,Wally Szczerbiak,1999,2008,0,,wally_szczerbiak
440,Zan Tabak,1994,2000,0,,zan_tabak
2657,Yuta Tabuse,2004,2004,0,,yuta_tabuse
101147,Chris Taft,2005,2005,0,,chris_taft
78291,Sid Tannenbaum,1947,1948,0,,HISTADD_sid_tannenbaum
1434,Dragan Tarlac,2000,2000,0,,dragan_tarlac
78293,Roy Tarpley,1986,1994,0,,HISTADD_roy_tarpley
1630256,Jae'Sean Tate,2020,2026,1,HOU,jaesean_tate
78294,Earl Tatum,1976,1979,0,,HISTADD_earl_tatum
1628369,Jayson Tatum,2017,2026,1,BOS,jayson_tatum
204002,Edy Tavares,2015,2016,0,,edy_tavares
78295,Anthony Taylor,1988,1988,0,,HISTADD_anthony_taylor
78296,Brian Taylor,1976,1981,0,,HISTADD_brian_taylor
101182,Donell Taylor,2005,2006,0,,donell_taylor
78298,Fred Taylor,1970,1971,0,,HISTADD_fred_taylor
1627819,Isaiah Taylor,2016,2017,0,,isaiah_taylor
78297,Jay Taylor,1989,1989,0,,HISTADD_jay_taylor
78299,Jeff Taylor,1982,1986,0,,HISTADD_jeff_taylor
203106,Jeffery Taylor,2012,2014,0,,jeffery_taylor
201966,Jermaine Taylor,2009,2010,0,,jermaine_taylor
1511,Johnny Taylor,1997,1999,0,,johnny_taylor
78301,Leonard Taylor,1989,1989,0,,HISTADD_leonard_taylor
1508,Maurice Taylor,1997,2006,0,,maurice_taylor
201446,Mike Taylor,2008,2008,0,,mike_taylor
78302,Roland Taylor,1976,1976,0,,HISTADD_fatty_taylor
1630678,Terry Taylor,2021,2024,0,,terry_taylor
203116,Tyshawn Taylor,2012,2013,0,,tyshawn_taylor
78303,Vince Taylor,1982,1982,0,,HISTADD_vince_taylor
78304,Terry Teagle,1982,1992,0,,HISTADD_terry_teagle
201952,Jeff Teague,2009,2020,0,,jeff_teague
203104,Marquis Teague,2012,2017,0,,marquis_teague
203141,Mirza Teletovic,2012,2017,0,,mirza_teletovic
2742,Sebastian Telfair,2004,2014,0,,sebastian_telfair
1643141,Jahmyl Telfort,2025,2025,0,,jahmyl_telfort
202066,Garrett Temple,2009,2026,1,TOR,garrett_temple
1628462,Milos Teodosic,2017,2018,0,,milos_teodosic
78305,Ira Terrell,1976,1978,0,,HISTADD_ira_terrell
1629123,Jared Terrell,2018,2018,0,,jared_terrell
78307,Carlos Terry,1980,1982,0,,HISTADD_carlos_terry
78306,Chuck Terry,1972,1976,0,,HISTADD_chuck_terry
78308,Claude Terry,1976,1977,0,,HISTADD_claude_terry
1631207,Dalen Terry,2022,2026,1,CHI,dalen_terry
1629150,Emanuel Terry,2018,2021,0,,emanuel_terry
1891,Jason Terry,1999,2017,0,,jason_terry
1630179,Tyrell Terry,2020,2021,0,,tyrell_terry
1630257,Jon Teske,2021,2021,0,,jon_teske
201934,Hasheem Thabeet,2009,2013,0,,hasheem_thabeet
78309,Tom Thacker,1963,1967,0,,HISTADD_tack_thacker
1628464,Daniel Theis,2017,2024,1,LAC,daniel_theis
78310,Reggie Theus,1978,1990,0,,HISTADD_reggie_theus
78311,Peter Thibeaux,1984,1985,0,,HISTADD_peter_thibeaux
78312,Bill Thieben,1956,1957,0,,HISTADD_bill_thieben
1642876,Adou Thiero,2025,2026,0,,adou_thiero
78313,Justus Thigpen,1972,1973,0,,HISTADD_justus_thigpen
78314,David Thirdkill,1982,1986,0,,HISTADD_david_thirdkill
203519,Adonis Thomas,2013,2013,0,,adonis_thomas
2873,Billy Thomas,2004,2007,0,,billy_thomas
1630271,Brodric Thomas,2020,2021,0,,brodric_thomas
1630560,Cam Thomas,2021,2025,1,BKN,cam_thomas
1063,Carl Thomas,1991,1997,0,,carl_thomas
78316,Charles Thomas,1991,1991,0,,HISTADD_charles_thomas
2041,Etan Thomas,2001,2010,0,,etan_thomas
78317,Irving Thomas,1990,1990,0,,HISTADD_irving_thomas
202738,Isaiah Thomas,2011,2023,1,PHX,isaiah_thomas
78318,Isiah Thomas,1981,1993,0,,HISTADD_isiah_thomas
1975,Jamel Thomas,1999,2000,0,,jamel_thomas
2839,James Thomas,2004,2005,0,,james_thomas
78320,Jim Thomas,1983,1990,0,,HISTADD_jim_thomas
78321,Joe Thomas,1970,1970,0,,HISTADD_joe_thomas
1519,John Thomas,1997,2005,0,,john_thomas
1903,Kenny Thomas,1999,2009,0,,kenny_thomas
1629017,Khyri Thomas,2018,2020,0,,khyri_thomas
703,Kurt Thomas,1995,2012,0,,kurt_thomas
202498,Lance Thomas,2011,2019,0,,lance_thomas
202952,Malcolm Thomas,2011,2014,0,,malcolm_thomas
1629744,Matt Thomas,2019,2021,0,,matt_thomas
1643509,Meleek Thomas,2026,2026,0,,meleek_thomas
78322,Terry Thomas,1975,1975,0,,HISTADD_terry_thomas
1501,Tim Thomas,1997,2009,0,,tim_thomas
200748,Tyrus Thomas,2006,2014,0,,tyrus_thomas
202717,Trey Thompkins,2011,2011,0,,trey_thompkins
1641708,Amen Thompson,2023,2026,1,HOU,amen_thompson
1641709,Ausar Thompson,2023,2026,1,DET,ausar_thompson
78323,Bernard Thompson,1984,1988,0,,HISTADD_bernard_thompson
1631,Billy Thompson,1986,1991,0,,billy_thompson
240,Brooks Thompson,1994,1997,0,,brooks_thompson
78325,Corny Thompson,1982,1982,0,,HISTADD_corny_thompson
78326,David Thompson,1976,1983,0,,HISTADD_david_thompson
101159,Dijon Thompson,2005,2006,0,,dijon_thompson
1630679,Ethan Thompson,2024,2026,0,,ethan_thompson
78327,George Thompson,1974,1974,0,,HISTADD_george_thompson
203138,Hollis Thompson,2013,2016,0,,hollis_thompson
201574,Jason Thompson,2008,2015,0,,jason_thompson
78328,John Thompson,1964,1965,0,,HISTADD_john_thompson
78329,Kevin Thompson,1993,1993,0,,HISTADD_kevin_thompson
202691,Klay Thompson,2011,2026,1,GSW,klay_thompson
78,LaSalle Thompson,1982,1996,0,,lasalle_thompson
78331,Mychal Thompson,1978,1990,0,,HISTADD_mychal_thompson
202814,Mychel Thompson,2011,2011,0,,mychel_thompson
78332,Paul Thompson,1983,1985,0,,HISTADD_paul_thompson
78333,Stephen Thompson,1991,1991,0,,HISTADD_stephen_thompson
202684,Tristan Thompson,2011,2024,1,CLE,tristan_thompson
1630550,JT Thor,2021,2024,1,CHA,jt_thor
78335,Rod Thorn,1963,1970,0,,HISTADD_rod_thorn
201154,Al Thornton,2007,2010,0,,al_thornton
738,Bob Thornton,1985,1995,0,,bob_thornton
1643570,Bruce Thornton,2026,2026,0,,bruce_thornton
201977,Marcus Thornton,2009,2016,0,,marcus_thornton
1628414,Sindarius Thornwell,2017,2020,0,,sindarius_thornwell
901,Otis Thorpe,1984,2000,0,,otis_thorpe
9,Sedale Threatt,1983,1996,0,,sedale_threatt
600001,Nate Thurmond,1963,1976,0,,HISTADD_nate_thurmond
78340,Mel Thurston,1947,1947,0,,HISTADD_mel_thurston
1629680,Matisse Thybulle,2019,2026,1,POR,matisse_thybulle
78341,Howard Tidrick,1948,1948,0,,HISTADD_hal_tidrick
78342,Dan Tieman,1962,1962,0,,HISTADD_dan_tieman
1629681,Killian Tillie,2020,2021,0,,killian_tillie
78343,Darren Tillis,1982,1983,0,,HISTADD_darren_tillis
1630214,Xavier Tillman,2020,2026,1,BOS,xavier_tillman
1631166,Drew Timme,2024,2026,0,,drew_timme
78344,Jack Tingle,1947,1948,0,,HISTADD_jack_tingle
2224,Jamaal Tinsley,2001,2013,0,,jamaal_tinsley
47,Wayman Tisdale,1985,1996,0,,wayman_tisdale
1627861,Mike Tobey,2016,2016,0,,mike_tobey
1630225,Isaiah Todd,2021,2022,0,,isaiah_todd
78346,Marko Todorovich,1949,1950,0,,HISTADD_mike_todorovich
78348,Ray Tolbert,1981,1988,0,,HISTADD_ray_tolbert
78347,Tom Tolbert,1988,1994,0,,HISTADD_tom_tolbert
201229,Anthony Tolliver,2008,2020,0,,anthony_tolliver
78349,Dean Tolson,1974,1977,0,,HISTADD_dean_tolson
78350,Rudy Tomjanovich,1970,1980,0,,HISTADD_dupp_rudy_tomjanovich
1641772,Nae'Qwan Tomlin,2024,2026,0,,naeqwan_tomlin
78351,Andrew Toney,1980,1987,0,,HISTADD_andrew_toney
78352,Sedric Toney,1985,1993,0,,HISTADD_sedric_toney
1642910,John Tonje,2025,2026,0,,john_tonje
78353,Andy Tonkovich,1948,1948,0,,HISTADD_andy_tonkovich
342,Andy Toolson,1990,1995,0,,andy_toolson
78355,Jack Toomay,1947,1949,0,,HISTADD_jack_toomay
78356,Bernard Toone,1979,1979,0,,HISTADD_bernard_toone
1642260,Nikola Topić,2024,2026,0,,nikola_topic
1631210,Jacob Toppin,2023,2025,1,NYK,jacob_toppin
1630167,Obi Toppin,2020,2026,1,IND,obi_toppin
78357,Irv Torgoff,1946,1948,0,,HISTADD_irv_torgoff
78358,Gene Tormohlen,1962,1969,0,,HISTADD_bumper_tormohlen
2351,Oscar Torres,2001,2002,0,,oscar_torres
1629308,Juan Toscano-Anderson,2019,2023,0,,juan_toscano-anderson
78359,Bill Tosheff,1951,1953,0,,HISTADD_bill_tosheff
78360,Bob Tough,1948,1949,0,,HISTADD_red_tough
1626253,Axel Toupane,2015,2020,0,,axel_toupane
78361,Monte Towe,1976,1976,0,,HISTADD_monte_towe
700,Keith Tower,1993,1996,0,,keith_tower
78363,William Towery,1948,1949,0,,HISTADD_blackie_towery
78364,Linton Townes,1982,1984,0,,HISTADD_linton_townes
1626157,Karl-Anthony Towns,2015,2026,1,MIN,karl-anthony_towns
78365,Raymond Townsend,1978,1981,0,,HISTADD_raymond_townsend
1642422,Armel Traore,2024,2024,0,,tmp_armel_traore
1642849,Nolan Traore,2025,2026,0,,nolan_traoré
78366,George Trapp,1971,1976,0,,HISTADD_george_trapp
78367,John Trapp,1968,1972,0,,HISTADD_john_trapp
1631247,Luke Travers,2024,2025,0,,luke_travers
1714,Robert Traylor,1998,2004,0,,robert_traylor
718,Gary Trent,1995,2003,0,,gary_trent
1629018,Gary Trent Jr.,2018,2026,1,TOR,gary_trent_jr
2244,Jeff Trepagnier,2001,2003,0,,jeff_trepagnier
78651,John Tresvant,1964,1972,0,,john_tresvant
1629019,Allonzo Trier,2018,2019,0,,allonzo_trier
78368,Dick Triptow,1948,1949,0,,HISTADD_tiptoe_triptow
78369,Kelly Tripucka,1981,1990,0,,HISTADD_kelly_tripucka
2456,Cezary Trybanski,2002,2003,0,,cezary_trybanski
2054,Jake Tsakalidis,2000,2006,0,,jake_tsakalidis
78370,John Tschogl,1972,1974,0,,HISTADD_john_tschogl
1631131,Oscar Tshiebwe,2023,2026,1,IND,oscar_tshiebwe
78371,Lou Tsioropoulos,1956,1958,0,,HISTADD_lou_tsioropoulos
2401,Nikoloz Tskitishvili,2002,2005,0,,nikoloz_tskitishvili
78372,Al Tucker,1967,1970,0,,HISTADD_tuck_tucker
201169,Alando Tucker,2007,2009,0,,alando_tucker
141,Anthony Tucker,1994,1994,0,,anthony_tucker
78374,Jim Tucker,1954,1956,0,,HISTADD_jim_tucker
200782,P.J. Tucker,2006,2024,1,LAC,pj_tucker
1629730,Rayjon Tucker,2019,2021,0,,rayjon_tucker
78375,Trent Tucker,1982,1992,0,,HISTADD_trent_tucker
101142,Ronny Turiaf,2005,2014,0,,ronny_turiaf
1726,Mirsad Turkcan,1999,1999,0,,mirsad_turkcan
2045,Hedo Turkoglu,2000,2014,0,,hedo_turkoglu
78377,Andre Turner,1986,1991,0,,HISTADD_andre_turner
78385,Bill Turner,1967,1972,0,,HISTADD_bill_turner
78378,Elston Turner,1981,1988,0,,HISTADD_elston_turner
202323,Evan Turner,2010,2019,0,,evan_turner
78379,Henry Turner,1989,1994,0,,HISTADD_henry_turner
78380,Jack Turner,1954,1954,0,,HISTADD_jack_turner
78382,Jack Turner,1961,1961,0,,HISTADD_jack_f_turner
78381,Jeff Turner,1984,1995,0,,HISTADD_jeff_turner
1819,John Turner,1991,1991,0,,john_turner
1626167,Myles Turner,2015,2026,1,IND,myles_turner
1943,Wayne Turner,1999,1999,0,,wayne_turner
78386,Mel Turpin,1984,1989,0,,HISTADD_mel_turpin
78387,Dave Twardzik,1976,1979,0,,HISTADD_pinball_twardzik
78388,Jack Twyman,1955,1965,0,,HISTADD_jack_twyman
189,B.J. Tyler,1994,1994,0,,b.j._tyler
202719,Jeremy Tyler,2011,2013,0,,jeremy_tyler
78390,Terry Tyler,1978,1988,0,,HISTADD_terry_tyler
78391,Charlie Tyra,1957,1961,0,,HISTADD_charlie_tyra
1641816,Hunter Tyson,2023,2025,1,DEN,hunter_tyson
1642281,Jaylon Tyson,2024,2026,0,,jaylon_tyson
202775,Edwin Ubiles,2011,2011,0,,edwin_ubiles
202327,Ekpe Udoh,2010,2018,0,,ekpe_udoh
2137,Ime Udoka,2003,2010,0,,ime_udoka
2757,Beno Udrih,2004,2016,0,,beno_udrih
101146,Roko Ukic,2008,2009,0,,roko_ukic
1627755,Tyler Ulis,2016,2018,0,,tyler_ulis
1630649,Stanley Umude,2022,2025,1,DET,stanley_umude
78392,Wes Unseld,1968,1980,0,,HISTADD_wes_unseld
78393,Hal Uplinger,1953,1953,0,,HISTADD_hal_uplinger
78394,Kelvin Upshaw,1988,1990,0,,HISTADD_kelvin_upshaw
1627784,Jarrod Uthoff,2016,2019,0,,jarrod_uthoff
202386,Ben Uzoh,2010,2011,0,,ben_uzoh
201987,Robert Vaden,2010,2010,0,,robert_vaden
202685,Jonas Valančiūnas,2012,2026,1,NOP,jonas_valanciunas
78395,Darnell Valentine,1981,1990,0,,HISTADD_darnell_valentine
1627756,Denzel Valentine,2016,2021,0,,denzel_valentine
78396,Ron Valentine,1980,1980,0,,HISTADD_ron_valentine
78397,John Vallely,1970,1971,0,,HISTADD_john_vallely
78398,Dick Van Arsdale,1965,1976,0,,HISTADD_dick_van_arsdale
78399,Tom Van Arsdale,1965,1976,0,,HISTADD_tom_vanarsdale
78401,Butch Van Breda Kolff,1946,1949,0,,HISTADD_butch_vanbredakolff
78400,Jan Van Breda Kolff,1976,1982,0,,HISTADD_jan_van_breda_kolff
89,Nick Van Exel,1993,2005,0,,nick_van exel
1496,Keith Van Horn,1997,2005,0,,keith_van horn
78406,Norm Van Lier,1969,1978,0,,HISTADD_norm_van_lier
1627832,Fred VanVleet,2016,2026,1,HOU,fred_vanvleet
78402,Gene Vance,1947,1951,0,,HISTADD_gene_vance
78403,Log Vander Velden,1995,1995,0,,HISTADD_logan_vander_velden
1629020,Jarred Vanderbilt,2018,2026,1,LAL,jarred_vanderbilt
78405,Ernie Vandeweghe,1949,1955,0,,HISTADD_doc_vandeweghe
78404,Kiki Vandeweghe,1980,1992,0,,HISTADD_kiki_vandeweghe
78407,Nick Vanos,1985,1986,0,,HISTADD_nick_vanos
2128,David Vanterpool,2000,2000,0,,david_vanterpool
2237,Ratko Varda,2001,2002,0,,ratko_varda
2760,Anderson Varejao,2004,2020,0,,anderson_varejao
202363,Jarvis Varnado,2012,2013,0,,jarvis_varnado
202349,Greivis Vasquez,2010,2016,0,,greivis_vasquez
1630170,Devin Vassell,2020,2026,1,SAS,devin_vassell
78409,Charles Vaughn,1962,1966,0,,HISTADD_chico_vaughn
710,David Vaughn,1995,1998,0,,david_vaughn
1521,Jacque Vaughn,1997,2008,0,,jacque_vaughn
1626173,Rashad Vaughn,2015,2017,0,,rashad_vaughn
78411,Virgil Vaughn,1946,1946,0,,HISTADD_virgil_vaughn
919,Loy Vaught,1990,2000,0,,loy_vaught
1643539,Henri Veesaar,2026,2026,0,,tmp_henri_veesaar
78413,Bob Verga,1973,1973,0,,HISTADD_bob_verga
78414,Peter Verhoeven,1981,1986,0,,HISTADD_peter_verhoeven
202686,Jan Vesely,2011,2013,0,,jan_vesely
78415,Gundars Vetra,1992,1992,0,,HISTADD_gundars_vetra
1628426,Sasha Vezenkov,2023,2023,1,SAC,sasha_vezenkov
78416,Joao Vianna,1991,1991,0,,HISTADD_joao_vianna
1630492,Luca Vildoza,2020,2021,0,,luca_vildoza
101111,Charlie Villanueva,2005,2015,0,,charlie_villanueva
1629216,Gabe Vincent,2019,2026,1,LAL,gabe_vincent
78418,Jay Vincent,1981,1989,0,,HISTADD_jay_vincent
78417,Sam Vincent,1985,1991,0,,HISTADD_sam_vincent
200790,Marcus Vinicius,2006,2007,0,,marcus_vinicius
1844,Fred Vinson,1994,1999,0,,fred_vinson
78419,Gary Voce,1989,1989,0,,HISTADD_gary_voce
78420,Floyd Volker,1949,1949,0,,HISTADD_floyd_volker
78421,Alexander Volkov,1989,1991,0,,HISTADD_alexander_volkov
78422,Whitey Von Nieda,1949,1949,0,,HISTADD_whitey_vonnieda
203943,Noah Vonleh,2014,2022,0,,noah_vonleh
2063,Jake Voskuhl,2000,2008,0,,jake_voskuhl
78423,Danny Vranes,1981,1987,0,,HISTADD_danny_vranes
2582,Slavko Vranes,2003,2003,0,,slavko_vranes
1037,Stojko Vrankovic,1990,1998,0,,stojko_vrankovic
78425,Brett Vroman,1980,1980,0,,HISTADD_brett_vroman
2761,Jackson Vroman,2004,2005,0,,jackson_vroman
2756,Sasha Vujacic,2004,2016,0,,sasha_vujacic
1641774,Tristan Vukcevic,2023,2026,1,WAS,tristan_vukcevic
202696,Nikola Vučević,2011,2026,1,CHI,nikola_vucevic
1629731,Dean Wade,2019,2026,1,CLE,dean_wade
2548,Dwyane Wade,2003,2018,0,,dwyane_wade
78426,Mark Wade,1987,1989,0,,HISTADD_mark_wade
101144,Von Wafer,2005,2011,0,,von_wafer
78427,Clint Wager,1949,1949,0,,HISTADD_clint_wager
1643413,Keaton Wagler,2026,2026,0,,keaton_wagler
2402,Dajuan Wagner,2002,2006,0,,dajuan_wagner
78428,Danny Wagner,1949,1949,0,,HISTADD_danny_wagner
1630532,Franz Wagner,2021,2026,1,ORL,franz_wagner
78429,Milt Wagner,1987,1990,0,,HISTADD_milt_wagner
1629021,Moritz Wagner,2018,2026,1,ORL,moritz_wagner
1630688,Ish Wainright,2021,2023,1,PHX,ish_wainright
203079,Dion Waiters,2012,2019,0,,dion_waiters
78430,Granville Waiters,1983,1987,0,,HISTADD_granville_waiters
78431,Andre Wakefield,1978,1979,0,,HISTADD_andre_wakefield
78432,Neal Walk,1969,1976,0,,HISTADD_neal_walk
78433,Andy Walker,1976,1976,0,,HISTADD_andy_walker
952,Antoine Walker,1996,2007,0,,antoine_walker
78434,Brady Walker,1948,1951,0,,HISTADD_brady_walker
78435,Chet Walker,1962,1974,0,,HISTADD_chet_walker
78437,Darrell Walker,1983,1992,0,,HISTADD_darrell_walker
78436,Foots Walker,1974,1983,0,,HISTADD_foots_walker
201611,Henry Walker,2008,2014,0,,henry_walker
78438,Horace Walker,1961,1961,0,,HISTADD_horace_walker
1631133,Jabari Walker,2022,2026,1,POR,jabari_walker
1641716,Jarace Walker,2023,2026,1,IND,jarace_walker
78439,Jimmy Walker,1967,1975,0,,HISTADD_jimmy_walker
202689,Kemba Walker,2011,2022,0,,kemba_walker
78440,Kenny Walker,1986,1994,0,,HISTADD_kenny_walker
1630640,MJ Walker,2021,2021,0,,mj_walker
78441,Phil Walker,1977,1977,0,,HISTADD_phil_walker
955,Samaki Walker,1996,2005,0,,samaki_walker
78442,Wally Walker,1976,1983,0,,HISTADD_wally_walker
1629022,Lonnie Walker IV,2018,2024,1,BKN,lonnie_walker
202322,John Wall,2010,2022,0,,john_wall
1112,Ben Wallace,1996,2011,0,,ben_wallace
1641717,Cason Wallace,2023,2026,1,OKC,cason_wallace
2222,Gerald Wallace,2001,2014,0,,gerald_wallace
961,John Wallace,1996,2003,0,,john_wallace
1630811,Keaton Wallace,2024,2026,0,,keaton_wallace
78443,Michael Wallace,1946,1946,0,,HISTADD_red_wallace
739,Rasheed Wallace,1995,2012,0,,rasheed_wallace
1627820,Tyrone Wallace,2017,2021,0,,tyrone_wallace
78444,Dwight Waller,1968,1968,0,,HISTADD_dwight_waller
78445,Jamie Waller,1987,1987,0,,HISTADD_jamie_waller
78446,Jim Walsh,1957,1957,0,,HISTADD_jim_walsh
1641775,Jordan Walsh,2023,2026,1,BOS,jordan_walsh
101190,Matt Walsh,2005,2005,0,,matt_walsh
1642266,Ja'Kobe Walter,2024,2026,0,,jakobe_walter
777,Rex Walters,1993,1999,0,,rex_walters
78447,Paul Walther,1949,1954,0,,HISTADD_lefty_walther
78448,Rabbit Walthour,1953,1953,0,,HISTADD_rabbit_walthour
78450,Bill Walton,1974,1986,0,,HISTADD_bill_walton
78449,Lloyd Walton,1976,1980,0,,HISTADD_lloyd_walton
2575,Luke Walton,2003,2012,0,,luke_walton
1628476,Derrick Walton Jr.,2017,2021,0,,derrick_walton_jr
202954,Brad Wanamaker,2018,2021,0,,brad_wanamaker
78453,Bobby Wanzer,1948,1956,0,,HISTADD_bobby_wanzer
78454,Perry Warbington,1974,1974,0,,HISTADD_perry_warbington
369,Charlie Ward,1994,2004,0,,charlie_ward
78455,Gerry Ward,1963,1966,0,,HISTADD_gerry_ward
78456,Henry Ward,1976,1976,0,,HISTADD_henry_ward
203810,Casper Ware,2013,2013,0,,casper_ware
78457,Jim Ware,1966,1967,0,,HISTADD_jim_ware
1642276,Kel'el Ware,2024,2026,0,,kelel_ware
78458,Ben Warley,1962,1966,0,,HISTADD_ben_warley
78459,Bob Warlick,1965,1968,0,,HISTADD_bob_warlick
78460,Cornell Warner,1970,1976,0,,HISTADD_cornell_warner
1627866,Jameel Warney,2017,2017,0,,jameel_warney
78461,Johnny Warren,1969,1973,0,,HISTADD_johnny_warren
203933,T.J. Warren,2014,2023,1,MIN,tj_warren
202378,Willie Warren,2010,2010,0,,willie_warren
78462,Bryan Warrick,1982,1985,0,,HISTADD_bryan_warrick
101124,Hakim Warrick,2005,2012,0,,hakim_warrick
78463,Chris Washburn,1986,1987,0,,HISTADD_chris_washburn
1627395,Julian Washburn,2018,2018,0,,julian_washburn
78469,Bobby Washington,1970,1971,0,,HISTADD_bobby_washington
200827,Darius Washington,2007,2007,0,,darius_washington
78464,Duane Washington,1987,1992,0,,HISTADD_duane_washington
78465,Dwayne Washington,1986,1988,0,,HISTADD_pearl_washington
1540,Eric Washington,1997,1998,0,,eric_washington
78466,Jim Washington,1965,1975,0,,HISTADD_jim_washington
78467,Kermit Washington,1973,1987,0,,HISTADD_kermit_washington
1629023,P.J. Washington,2019,2026,1,DAL,pj_washington
78468,Richard Washington,1976,1981,0,,HISTADD_richard_washington
78470,Stan Washington,1974,1974,0,,HISTADD_stan_washington
78471,Wilson Washington,1977,1978,0,,HISTADD_wilson_washington
1630613,Duane Washington Jr.,2021,2023,1,NYK,duane_washington_jr
1631102,TyTy Washington Jr.,2022,2026,1,MIL,tyty_washington
1629139,Yuta Watanabe,2018,2023,1,MEM,yuta_watanabe
1629682,Tremont Waters,2019,2021,0,,tremont_waters
1630322,Lindy Waters III,2021,2026,1,OKC,lindy_waters_iii
1630570,Trendon Watford,2021,2026,1,BKN,trendon_watford
201208,Darryl Watkins,2007,2011,0,,darryl_watkins
1642364,Jamir Watkins,2025,2026,0,,jamir_watkins
1641817,Anton Watson,2024,2024,0,,anton_watson
201228,C.J. Watson,2007,2016,0,,c.j._watson
2248,Earl Watson,2001,2013,0,,earl_watson
320,Jamie Watson,1994,1998,0,,jamie_watson
1628778,Paul Watson,2019,2021,0,,paul_watson
1631212,Peyton Watson,2022,2026,1,DEN,peyton_watson
78474,Ron Watts,1965,1966,0,,HISTADD_ron_watts
78473,Slick Watts,1973,1978,0,,HISTADD_slick_watts
203146,Maalik Wayns,2012,2013,0,,maalik_wayns
204033,David Wear,2014,2014,0,,david_wear
204037,Travis Wear,2014,2017,0,,travis_wear
221,Clar. Weatherspoon,1992,2004,0,,clar._weatherspoon
78475,Nick Weatherspoon,1973,1979,0,,HISTADD_spoon_weatherspoon
1629683,Quinndary Weatherspoon,2019,2021,0,,quinndary_weatherspoon
201602,Kyle Weaver,2008,2010,0,,kyle_weaver
78477,Jeff Webb,1970,1971,0,,HISTADD_jeff_webb
78478,Marcus Webb,1992,1992,0,,HISTADD_marcus_webb
892,Spud Webb,1985,1997,0,,spud_webb
1627821,James Webb III,2017,2017,0,,james_webb iii
185,Chris Webber,1993,2007,0,,chris_webber
1627362,Briante Weber,2015,2017,0,,briante_weber
78479,Forest Weber,1946,1946,0,,HISTADD_jake_weber
1067,Jeff Webster,1995,1995,0,,jeff_webster
101110,Martell Webster,2005,2014,0,,martell_webster
78481,Marvin Webster,1976,1986,0,,HISTADD_marvin_webster
78482,Scott Wedman,1974,1986,0,,HISTADD_scott_wedman
201603,Sonny Weems,2008,2015,0,,sonny_weems
78483,Dick Wehr,1948,1948,0,,HISTADD_dick_wehr
78484,Brant Weidner,1983,1983,0,,HISTADD_brant_weidner
78485,Bob Weiss,1965,1976,0,,HISTADD_bob_weiss
78486,Rick Weitzman,1967,1967,0,,HISTADD_rick_weitzman
1719,Bonzi Wells,1998,2007,0,,bonzi_wells
1528,Bubba Wells,1997,1997,0,,bubba_wells
1642377,Jaylen Wells,2024,2026,0,,jaylen_wells
78488,Owen Wells,1974,1974,0,,HISTADD_owen_wells
78489,Ralph Wells,1962,1962,0,,HISTADD_ralph_wells
1846,Chris Welp,1987,1989,0,,chris_welp
2412,Jiri Welsch,2002,2005,0,,jiri_welsch
1629118,Thomas Welsh,2018,2018,0,,thomas_welsh
1641705,Victor Wembanyama,2023,2026,1,SAS,victor_wembanyama
82,Bill Wennington,1985,1999,0,,bill_wennington
78492,Matt Wenstrom,1993,1993,0,,HISTADD_matt_wenstrom
438,Robert Werdann,1992,1996,0,,robert_werdann
78494,Ray Wertis,1946,1947,0,,HISTADD_ray_wertis
1631104,Blake Wesley,2022,2026,1,SAS,blake_wesley
133,David Wesley,1993,2006,0,,david_wesley
78495,Walt Wesley,1966,1975,0,,HISTADD_walt_wesley
2561,David West,2003,2017,0,,david_west
2753,Delonte West,2004,2011,0,,delonte_west
28,Doug West,1989,2000,0,,doug_west
78497,Jerry West,1960,1973,0,,HISTADD_jerry_west
201238,Mario West,2007,2010,0,,mario_west
770,Mark West,1983,1999,0,,mark_west
78499,Roland West,1967,1967,0,,HISTADD_roland_west
201566,Russell Westbrook,2008,2026,1,LAC,russell_westbrook
78500,Paul Westphal,1972,1983,0,,HISTADD_paul_westphal
78501,John Wetzel,1967,1975,0,,HISTADD_dupp_john_wetzel
101156,Robert Whaley,2005,2005,0,,robert_whaley
941,Ennis Whatley,1983,1996,0,,ennis_whatley
1545,DeJuan Wheat,1997,1998,0,,dejuan_wheat
78504,Clinton Wheeler,1987,1988,0,,HISTADD_clinton_wheeler
1630762,Phillip Wheeler,2024,2024,0,,phillip_wheeler
1755,Tyson Wheeler,1998,1998,0,,tyson_wheeler
78506,Lucian Whitaker,1954,1954,0,,HISTADD_skippy_whitaker
1629632,Coby White,2019,2026,1,CHI,coby_white
201591,DJ White,2008,2013,0,,dj_white
1628401,Derrick White,2017,2026,1,BOS,derrick_white
78507,Eric White,1987,1988,0,,HISTADD_eric_white
78508,Herb White,1970,1970,0,,HISTADD_herb_white
78509,Hubie White,1962,1963,0,,HISTADD_hubie_white
1631298,Jack White,2022,2023,0,,jack_white
1751,Jahidi White,1998,2004,0,,jahidi_white
200778,James White,2006,2012,0,,james_white
78510,Jojo White,1969,1980,0,,HISTADD_jojo_white
1627855,Okaro White,2016,2018,0,,okaro_white
1839,Randy White,1989,1993,0,,randy_white
2206,Rodney White,2001,2004,0,,rodney_white
78512,Rory White,1982,1986,0,,HISTADD_rory_white
203091,Royce White,2012,2013,0,,royce_white
78513,Rudy White,1975,1980,0,,HISTADD_rudy_white
202358,Terrico White,2010,2010,0,,terrico_white
78514,Tony White,1987,1987,0,,HISTADD_tony_white
78515,Willie White,1984,1985,0,,HISTADD_willie_white
1628510,Andrew White III,2017,2017,0,,andrew_white
1641727,Dariq Whitehead,2023,2025,1,BKN,dariq_whitehead
1627785,Isaiah Whitehead,2016,2018,0,,isaiah_whitehead
78516,Jerome Whitehead,1978,1988,0,,HISTADD_jerome_whitehead
1126,Donald Whiteside,1996,1997,0,,donald_whiteside
202355,Hassan Whiteside,2010,2021,0,,hassan_whiteside
730,Dwayne Whitfield,1995,1995,0,,dwayne_whitfield
1641715,Cam Whitmore,2023,2026,1,HOU,cam_whitmore
78519,Charles Whitney,1980,1981,0,,HISTADD_hawkeye_whitney
43,Chris Whitney,1993,2003,0,,chris_whitney
204222,Greg Whittington,2020,2020,0,,greg_whittington
203963,Shayne Whittington,2014,2015,0,,shayne_whittington
78520,Sidney Wicks,1971,1980,0,,HISTADD_sidney_wicks
78521,Murray Wier,1949,1949,0,,HISTADD_murray_wier
78522,Bob Wiesenhahn,1961,1961,0,,HISTADD_bob_wiesenhahn
1630580,Joe Wieskamp,2021,2022,0,,joe_wieskamp
1630598,Aaron Wiggins,2021,2026,1,OKC,aaron_wiggins
203952,Andrew Wiggins,2014,2026,1,GSW,andrew_wiggins
78523,Mitchell Wiggins,1983,1991,0,,HISTADD_mitchell_wiggins
1629623,Lindell Wigginton,2021,2023,0,,lindell_wigginton
78524,Ken Wilburn,1967,1968,0,,HISTADD_ken_wilburn
203912,C.J. Wilcox,2014,2017,0,,cj_wilcox
2404,Chris Wilcox,2002,2012,0,,chris_wilcox
78525,D.C. Wilcutt,1948,1949,0,,HISTADD_dc_wilcutt
78526,Gene Wiley,1962,1965,0,,HISTADD_gene_wiley
1628451,Jacob Wiley,2017,2017,0,,jacob_wiley
78527,Michael Wiley,1980,1981,0,,HISTADD_michael_wiley
78528,Morlon Wiley,1988,1994,0,,HISTADD_morlon_wiley
78529,Win Wilfong,1957,1960,0,,HISTADD_win_wilfong
78530,Lenny Wilkens,1960,1974,0,,HISTADD_lenny_wilkens
78531,Bob Wilkerson,1976,1982,0,,HISTADD_bobby_wilkerson
78532,Jamaal Wilkes,1974,1985,0,,HISTADD_jamaal_wilkes
78533,James Wilkes,1980,1982,0,,HISTADD_james_wilkes
2863,Damien Wilkins,2004,2017,0,,damien_wilkins
1122,Dominique Wilkins,1982,1998,0,,dominique_wilkins
78534,Eddielee Wilkins,1984,1992,0,,HISTADD_eddie_lee_wilkins
786,Gerald Wilkins,1985,1998,0,,gerald_wilkins
78537,Jeff Wilkins,1980,1985,0,,HISTADD_jeff_wilkins
78538,Dale Wilkinson,1984,1984,0,,HISTADD_dale_wilkinson
2366,Mike Wilks,2002,2009,0,,mike_wilks
1425,Aaron Williams,1993,2007,0,,aaron_williams
1626210,Alan Williams,2015,2018,0,,alan_williams
1631214,Alondes Williams,2022,2025,1,MIA,alondes_williams
1541,Alvin Williams,1997,2006,0,,alvin_williams
1642873,Amari Williams,2025,2026,0,,amari_williams
78539,Arthur Williams,1967,1973,0,,HISTADD_hambone_williams
78540,Bernie Williams,1969,1970,0,,HISTADD_bernie_williams
78564,Bob Williams,1955,1956,0,,HISTADD_bob_williams
1585,Brandon Williams,1997,2002,0,,brandon_williams
1630314,Brandon Williams,2021,2026,1,DAL,brandon_williams
433,Buck Williams,1981,1997,0,,buck_williams
203710,C.J. Williams,2017,2018,0,,c.j._williams
78547,Chuck Williams,1976,1977,0,,HISTADD_chuck_williams
78541,Chuckie Williams,1976,1976,0,,HISTADD_chuckie_williams
78543,Cliff Williams,1968,1968,0,,HISTADD_cliff_williams
1642262,Cody Williams,2024,2026,0,,tmp_cody_williams
200603,Corey Williams,1992,1993,0,,corey_williams
101114,Deron Williams,2005,2016,0,,deron_williams
202682,Derrick Williams,2011,2017,0,,derrick_williams
78545,Don Williams,1979,1979,0,,HISTADD_duck_williams
1631495,Donovan Williams,2022,2022,0,,donovan_williams
78546,Earl Williams,1974,1978,0,,HISTADD_twirl_williams
202343,Elliot Williams,2010,2015,0,,elliot_williams
677,Eric Williams,1995,2006,0,,eric_williams
2421,Frank Williams,2002,2004,0,,frank_williams
78548,Freeman Williams,1978,1985,0,,HISTADD_freeman_williams
1629684,Grant Williams,2019,2026,1,CHA,grant_williams
78549,Gus Williams,1975,1986,0,,HISTADD_gus_williams
78550,Guy Williams,1984,1985,0,,HISTADD_guy_williams
1006,Herb Williams,1981,1998,0,,herb_williams
73,Hot Rod Williams,1986,1998,0,,hot rod_williams
1631114,Jalen Williams,2022,2026,1,OKC,jalen_williams
1715,Jason Williams,1998,2010,0,,jason_williams
101214,Jawad Williams,2008,2010,0,,jawad_williams
2398,Jay Williams,2002,2002,0,,jay_williams
1631119,Jaylin Williams,2022,2026,1,OKC,jaylin_williams
420,Jayson Williams,1990,1998,0,,jayson_williams
966,Jerome Williams,1996,2004,0,,jerome_williams
78554,John Williams,1986,1994,0,,HISTADD_john_s_williams
1629140,Johnathan Williams,2018,2019,0,,johnathan_williams
202716,Jordan Williams,2011,2011,0,,jordan_williams
200818,Justin Williams,2006,2007,0,,justin_williams
78555,Kenny Williams,1990,1993,0,,HISTADD_kenny_williams
1629026,Kenrich Williams,2018,2026,1,OKC,kenrich_williams
78556,Kevin Williams,1983,1988,0,,HISTADD_kevin_williams
31,Lorenzo Williams,1992,1999,0,,lorenzo_williams
101150,Lou Williams,2005,2021,0,,lou_williams
1642013,Malik Williams,2023,2023,1,TOR,malik_williams
200766,Marcus Williams,2006,2009,0,,marcus_williams
201173,Marcus Williams,2007,2008,0,,marcus_williams
1631109,Mark Williams,2022,2026,1,CHA,mark_williams
101107,Marvin Williams,2005,2019,0,,marvin_williams
52,Micheal Williams,1988,1998,0,,micheal_williams
78558,Mike Williams,1989,1989,0,,HISTADD_mike_williams
78560,Milt Williams,1970,1973,0,,HISTADD_milt_williams
2590,Mo Williams,2003,2015,0,,mo_williams
42,Monty Williams,1994,2002,0,,monty_williams
78561,Nate Williams,1971,1978,0,,HISTADD_nate_williams
1631466,Nate Williams,2022,2026,1,HOU,jeenathan_williams
1630172,Patrick Williams,2020,2026,1,CHI,patrick_williams
78566,Pete Williams,1985,1986,0,,HISTADD_pete_williams
78571,Ray Williams,1977,1986,0,,HISTADD_ray_williams
199,Reggie Williams,1987,1996,0,,reggie_williams
202130,Reggie Williams,2009,2016,0,,reggie_williams
78563,Rickey Williams,1982,1982,0,,HISTADD_rickey_williams
78565,Rob Williams,1982,1983,0,,HISTADD_rob_williams
78567,Ron Williams,1968,1975,0,,HISTADD_fritz_williams
78568,Sam Williams,1968,1969,0,,HISTADD_sam_williams
78569,Samuel Williams,1981,1984,0,,HISTADD_sam_k_williams
281,Scott Williams,1990,2004,0,,scott_williams
201157,Sean Williams,2007,2011,0,,sean_williams
1742,Shammond Williams,1998,2006,0,,shammond_williams
200761,Shawne Williams,2006,2014,0,,shawne_williams
200749,Shelden Williams,2006,2011,0,,shelden_williams
78570,Sly Williams,1979,1985,0,,HISTADD_sly_williams
201944,Terrence Williams,2009,2012,0,,terrence_williams
1576,Travis Williams,1997,1998,0,,travis_williams
1627786,Troy Williams,2016,2018,0,,troy_williams
1005,Walt Williams,1992,2002,0,,walt_williams
78573,Ward Williams,1948,1948,0,,HISTADD_ward_williams
78574,Willie Williams,1970,1970,0,,HISTADD_willie_williams
1630533,Ziaire Williams,2021,2026,1,MEM,ziaire_williams
1629057,Robert Williams III,2018,2026,1,POR,robert_williams
1628475,Matt Williams Jr.,2017,2017,0,,matt_williams jr.
1631246,Vince Williams Jr.,2022,2025,1,MEM,vince_williams_jr
1628430,Nigel Williams-Goss,2019,2019,0,,nigel_williams-goss
722,Corliss Williamson,1995,2006,0,,corliss_williamson
78575,John Williamson,1976,1980,0,,HISTADD_john_williamson
1631351,Lucas Williamson,2025,2025,0,,lucas_williamson
1629627,Zion Williamson,2019,2026,1,NOP,zion_williamson
788,Kevin Willis,1984,2006,0,,kevin_willis
78577,Bill Willoughby,1975,1983,0,,HISTADD_bill_willoughby
2000,Dedric Willoughby,1999,1999,0,,dedric_willoughby
78586,Bob Wilson,1951,1951,0,,HISTADD_bob_wilson
78585,Bobby Wilson,1974,1977,0,,HISTADD_bobby_wilson
1643410,Caleb Wilson,2026,2026,0,,caleb_wilson
1628391,D.J. Wilson,2017,2023,0,,d.j._wilson
78579,George Wilson,1964,1970,0,,HISTADD_jiff_wilson
78580,Isaiah Wilson,1971,1971,0,,HISTADD_bunny_wilson
1630592,Jalen Wilson,2023,2026,1,BKN,jalen_wilson
203966,Jamil Wilson,2017,2017,0,,jamil_wilson
78581,Mike Wilson,1983,1986,0,,HISTADD_mike_wilson
78582,Nikita Wilson,1987,1987,0,,HISTADD_nikita_wilson
78578,Othell Wilson,1984,1986,0,,HISTADD_othell_wilson
78583,Rick Wilson,1978,1979,0,,HISTADD_rick_wilson
78584,Ricky Wilson,1987,1987,0,,HISTADD_ricky_wilson
78587,Thomas Wilson,1979,1979,0,,HISTADD_bubba_wilson
1027,Trevor Wilson,1990,1995,0,,trevor_wilson
1627787,Kyle Wiltjer,2016,2016,0,,kyle_wiltjer
78589,Kennard Winchester,1990,1992,0,,HISTADD_kennard_winchester
78590,Tony Windis,1959,1959,0,,HISTADD_tony_windis
1629685,Dylan Windler,2019,2023,1,ATL,dylan_windler
78591,John Windsor,1963,1963,0,,HISTADD_john_windsor
78592,Lee Winfield,1969,1975,0,,HISTADD_lee_winfield
766,David Wingate,1986,2000,0,,david_wingate
112,Dontonio Wingfield,1994,1997,0,,dontonio_wingfield
78596,Harthorne Wingo,1972,1975,0,,HISTADD_wingy_wingo
78597,Marv Winkler,1970,1970,0,,HISTADD_marv_winkler
1626159,Justise Winslow,2015,2022,0,,justise_winslow
1984,Rickie Winslow,1987,1987,0,,rickie_winslow
1630216,Cassius Winston,2020,2021,0,,cassius_winston
1868,Trevor Winter,1998,1998,0,,trevor_winter
78600,Brian Winters,1974,1982,0,,HISTADD_brian_winters
78601,Voise Winters,1985,1985,0,,HISTADD_voise_winters
78602,Willie Wise,1976,1977,0,,HISTADD_willie_wise
1630164,James Wiseman,2020,2025,1,DET,james_wiseman
203481,Jeff Withey,2013,2017,0,,jeff_withey
78603,Luke Witte,1973,1975,0,,HISTADD_luke_witte
1456,Randy Wittman,1983,1991,0,,randy_wittman
78605,Garry Witts,1981,1981,0,,HISTADD_garry_witts
78606,Dave Wohl,1971,1977,0,,HISTADD_dupp_dave_wohl
1642874,Danny Wolf,2025,2026,0,,danny_wolf
341,Joe Wolf,1987,1998,0,,joe_wolf
2106,Ruben Wolkowyski,2000,2002,0,,ruben_wolkowyski
203489,Nate Wolters,2013,2017,0,,nate_wolters
1631209,Isaiah Wong,2023,2024,1,IND,isaiah_wong
78610,Al Wood,1981,1986,0,,HISTADD_al_wood
78612,Bob Wood,1949,1949,0,,HISTADD_bob_wood
1626174,Christian Wood,2015,2023,1,LAL,christian_wood
116,David Wood,1988,1996,0,,david_wood
78609,Howard Wood,1981,1981,0,,HISTADD_howard_wood
78611,Leon Wood,1984,1990,0,,HISTADD_leon_wood
1630218,Robert Woodard II,2020,2021,0,,robert_woodard_ii
2254,Loren Woods,2001,2007,0,,loren_woods
2417,Qyntel Woods,2002,2005,0,,qyntel_woods
1010,Randy Woods,1992,1995,0,,randy_woods
78614,Mike Woodson,1980,1990,0,,HISTADD_mike_woodson
78615,Orlando Woolridge,1981,1993,0,,HISTADD_orlando_woolridge
1629624,Kenny Wooten,2019,2019,0,,kenny_wooten
906,Haywoode Workman,1989,1999,0,,haywoode_workman
78616,Mark Workman,1952,1953,0,,HISTADD_mark_workman
78617,Tom Workman,1967,1969,0,,HISTADD_hawk_workman
1897,Metta World Peace,1999,2016,0,,metta_world peace
78618,Sam Worthen,1980,1981,0,,HISTADD_sam_worthen
1460,James Worthy,1982,1993,0,,james_worthy
101120,Antoine Wright,2005,2010,0,,antoine_wright
101152,Bracey Wright,2005,2006,0,,bracey_wright
78620,Brad Wright,1986,1987,0,,HISTADD_brad_wright
201148,Brandan Wright,2007,2017,0,,brandan_wright
202874,Chris Wright,2011,2013,0,,chris_wright
203203,Chris Wright,2012,2012,0,,chris_wright
1626153,Delon Wright,2015,2024,1,MIA,delon_wright
2748,Dorell Wright,2004,2015,0,,dorell_wright
78621,Howard Wright,1990,1992,0,,HISTADD_howard_wright
78622,Joby Wright,1972,1972,0,,HISTADD_joby_wright
201153,Julian Wright,2007,2010,0,,julian_wright
78623,Larry Wright,1976,1981,0,,HISTADD_larry_wright
953,Lorenzen Wright,1996,2008,0,,lorenzen_wright
1007,Luther Wright,1993,1993,0,,luther_wright
1630589,Moses Wright,2021,2021,0,,moses_wright
412,Sharone Wright,1994,1997,0,,sharone_wright
1630593,McKinley Wright IV,2021,2022,0,,mckinley_wright_iv
1629625,Justin Wright-Foreman,2019,2019,0,,justin_wright-foreman
203100,Tony Wroten,2012,2015,0,,tony_wroten
78627,A.J. Wynder,1990,1990,0,,HISTADD_aj_wynder
1627824,Guerschon Yabusele,2017,2026,0,,guerschon_yabusele
1642905,Yang Hansen,2025,2026,0,,hansen_yang
2397,Yao Ming,2002,2010,0,,ming_yao
2428,Vincent Yarbrough,2002,2002,0,,vincent_yarbrough
78628,George Yardley,1953,1959,0,,HISTADD_george_yardley
78629,Barry Yates,1971,1971,0,,HISTADD_barry_yates
78630,Wayne Yates,1961,1961,0,,HISTADD_wayne_yates
78631,Charlie Yelverton,1971,1971,0,,HISTADD_charlie_yelverton
201146,Yi Jianlian,2007,2011,0,,jianlian_yi
78632,Rich Yonakor,1981,1981,0,,HISTADD_rich_yonakor
1628221,Gabe York,2021,2022,0,,gabe_york
78633,Danny Young,1984,1994,0,,HISTADD_danny_young
1642443,Jahmir Young,2024,2026,0,,jahmir_young
203923,James Young,2014,2017,0,,james_young
1626202,Joe Young,2015,2017,0,,joe_young
1748,Korleone Young,1998,1998,0,,korleone_young
78634,Michael Young,1984,1989,0,,HISTADD_michael_young
201156,Nick Young,2007,2018,0,,nick_young
78635,Perry Young,1986,1986,0,,HISTADD_perry_young
201970,Sam Young,2009,2012,0,,sam_young
201152,Thaddeus Young,2007,2023,1,PHX,thaddeus_young
1937,Tim Young,1999,1999,0,,tim_young
1629027,Trae Young,2018,2026,1,ATL,trae_young
1642959,Chris Youngblood,2025,2026,0,,chris_youngblood
1630209,Omer Yurtseven,2020,2025,1,UTA,omer_yurtseven
78638,Max Zaslofsky,1946,1955,0,,HISTADD_slats_zaslofsky
78639,Robert Zawoluk,1952,1954,0,,HISTADD_zeke_zawoluk
203469,Cody Zeller,2013,2023,1,NOP,cody_zeller
78640,Dave Zeller,1961,1961,0,,HISTADD_dave_zeller
78641,Gary Zeller,1970,1971,0,,HISTADD_gary_zeller
78642,Hank Zeller,1946,1946,0,,HISTADD_hank_zeller
202545,Luke Zeller,2012,2012,0,,luke_zeller
203092,Tyler Zeller,2012,2019,0,,tyler_zeller
78643,Tony Zeno,1979,1979,0,,HISTADD_tony_zeno
78644,Phil Zevenbergen,1987,1987,0,,HISTADD_phil_zevenbergen
1917,Wang Zhi-zhi,2000,2004,0,,wang_zhi-zhi
678,George Zidek,1995,1997,0,,george_zidek
1642911,Rocco Zikarsky,2025,2026,0,,rocco_zikarsky
2583,Derrick Zimmerman,2005,2005,0,,derrick_zimmerman
1627757,Stephen Zimmerman,2016,2016,0,,stephen_zimmerman
1627835,Paul Zipser,2016,2017,0,,paul_zipser
1627790,Ante Zizic,2017,2019,0,,ante_zizic
78647,Jim Zoet,1982,1982,0,,HISTADD_jim_zoet
78648,Bill Zopf,1970,1970,0,,HISTADD_zip_zopf
1627826,Ivica Zubac,2016,2026,1,LAC,ivica_zubac
78650,Matt Zunic,1948,1948,0,,HISTADD_matt_zunic
1641783,Tristan da Silva,2024,2026,0,,tristan_da_silva
1628427,Vlatko Čančar,2019,2024,1,DEN,vlatko_cancar
